-- MySQL dump 10.13  Distrib 8.0.32, for Win64 (x86_64)
--
-- Host: localhost    Database: s5test
-- ------------------------------------------------------
-- Server version	8.0.32

/*!40101 SET @OLD_CHARACTER_SET_CLIENT=@@CHARACTER_SET_CLIENT */;
/*!40101 SET @OLD_CHARACTER_SET_RESULTS=@@CHARACTER_SET_RESULTS */;
/*!40101 SET @OLD_COLLATION_CONNECTION=@@COLLATION_CONNECTION */;
/*!50503 SET NAMES utf8 */;
/*!40103 SET @OLD_TIME_ZONE=@@TIME_ZONE */;
/*!40103 SET TIME_ZONE='+00:00' */;
/*!40014 SET @OLD_UNIQUE_CHECKS=@@UNIQUE_CHECKS, UNIQUE_CHECKS=0 */;
/*!40014 SET @OLD_FOREIGN_KEY_CHECKS=@@FOREIGN_KEY_CHECKS, FOREIGN_KEY_CHECKS=0 */;
/*!40101 SET @OLD_SQL_MODE=@@SQL_MODE, SQL_MODE='NO_AUTO_VALUE_ON_ZERO' */;
/*!40111 SET @OLD_SQL_NOTES=@@SQL_NOTES, SQL_NOTES=0 */;

--
-- Table structure for table `cauhoi`
--

DROP TABLE IF EXISTS `cauhoi`;
/*!40101 SET @saved_cs_client     = @@character_set_client */;
/*!50503 SET character_set_client = utf8mb4 */;
CREATE TABLE `cauhoi` (
  `id` int NOT NULL AUTO_INCREMENT,
  `noidung` varchar(255) DEFAULT NULL,
  `dapandung` varchar(45) NOT NULL,
  `id_nhomcauhoi` int DEFAULT NULL,
  PRIMARY KEY (`id`),
  KEY `frk_nhomcauhoi_cauhoi_idx` (`id_nhomcauhoi`),
  CONSTRAINT `frk_nhomcauhoi_cauhoi` FOREIGN KEY (`id_nhomcauhoi`) REFERENCES `nhomcauhoi` (`id`)
) ENGINE=InnoDB AUTO_INCREMENT=175 DEFAULT CHARSET=utf8mb4 COLLATE=utf8mb4_0900_ai_ci;
/*!40101 SET character_set_client = @saved_cs_client */;

--
-- Dumping data for table `cauhoi`
--

LOCK TABLES `cauhoi` WRITE;
/*!40000 ALTER TABLE `cauhoi` DISABLE KEYS */;
INSERT INTO `cauhoi` VALUES (1,'','A',1),(2,'','B',2),(3,'','D',3),(4,'adcadd','B',4),(5,'dcdccc','B',4),(6,'aaassd','B',4),(7,'âdđ','B',4),(8,'','A',5),(9,'','B',6),(10,'','D',7),(11,'','B',8),(12,'','C',9),(13,'','B',10),(14,'','B',11),(15,'','C',12),(16,'','D',13),(17,'','C',14),(18,'','B',15),(19,'','C',16),(20,'','C',17),(21,'','C',18),(22,'','D',19),(23,'','B',20),(24,'','C',21),(25,'','D',22),(26,'','C',23),(27,'','B',24),(28,'What event is the woman organizing?','C',25),(29,'What does the man plan to do?','B',25),(30,'What will the woman do this morning?','A',25),(31,'Where is the conversation taking place?','A',26),(32,'What problem does the man mention?','A',26),(33,'What is the man asked to do?','A',26),(34,'What kind of business does the woman work for?','B',27),(35,'Who most likely is Reggie?','B',27),(36,'What will the man most likely do next?','A',27),(37,'What most likely is the man\'s job?','A',28),(38,'Why does man say, \"A few of our drivers are absent today\"?','D',28),(39,'What does the woman plan to do tomorrow?','C',28),(40,'Where are the speakers?','C',29),(41,'What will the woman\'s company do next week?','A',29),(42,'Why does Eric talk to his manager?','A',29),(43,'What are the speakers discussing?','C',30),(44,'What will be temporarily available to customers?','B',30),(45,'What will the woman do next?\n','A',30),(46,'Where is the conversation most likely taking place?','D',31),(47,'What does the man say he had trouble doing?','C',31),(48,'Why does the man like the woman\'s suggestion?','B',31),(49,'What kind of project will the man do this weekend?','C',32),(50,'What does the woman offer to give the man?','D',32),(51,'What does the woman mention about the Soto brand?','B',32),(52,'Where most likely are the speakers?','C',33),(53,'According to the woman, where can the information about the vacation be found?','A',33),(54,'What will the men be given this afternoon?','A',33),(55,'What is the purpose of the call?','B',34),(56,'What kind of business does the woman own?','B',34),(57,'Why is the woman unavailable this week?','D',34),(58,'Who most likely is the speaker addressing?','C',35),(59,'What does the speaker ask the listeners to do?','C',35),(60,'According to the speaker, what will some team members receive?','B',35),(61,'Where are the listeners?','B',36),(62,'What new service will the business offer next month?','A',36),(63,'According to the speaker, what is available from sales clerks?\n','D',36),(64,'What does the listener want to do?','B',37),(65,'What does the speaker imply when says, \"that is a popular model among travelers\"?','C',37),(66,'What does the speaker say she has done?','A',37),(67,'What has the state goverment recently done?','A',38),(68,'What is the advertisement about?','D',38),(69,'According to the speaker, what will happen next month?','C',38),(70,'Where is the speaker calling from?\n','C',39),(71,'What is the purpose of the call?','D',39),(72,'What does the speaker mention about the business?','C',39),(73,'Where are the listeners?','B',40),(74,'What will happen next?','C',40),(75,'What is mentioned about the business?','C',40),(76,'In which department does the speaker work?','C',41),(77,'What does the speaker say will start today?','B',41),(78,'Why should the listeners talk to the speaker?','C',41),(79,'What topic will the speaker cover?','B',42),(80,'What does the speaker say he has recently done?','C',42),(81,'What will the listeners most likely do next?','B',42),(82,'What type of position is available at the speaker\'s company?','B',43),(83,'What does the speaker want the listener to talk about?','C',43),(84,'According  to the speaker, what can the listener do at the end of the interview?','C',43),(85,'What is the speaker mainly reporting about?','C',44),(86,'Why are listeners encouraged to visit a Web site?','C',44),(87,'What does the speaker suggest when she says, \"producer Eleanor McCarty was seen leaving the Petunia Hotel this morning\"?','D',44),(88,'','C',45),(89,'','B',46),(90,'','C',47),(91,'','B',48),(92,'','C',49),(93,'','C',50),(94,'','A',51),(95,'','C',52),(96,'','B',53),(97,'','D',54),(98,'26','B',55),(99,'27','B',55),(100,'28','C',55),(101,'29','C',55),(102,'135','D',56),(103,'136','D',56),(104,'137','C',56),(105,'138','D',56),(106,'139','B',57),(107,'140','C',57),(108,'141','C',57),(109,'142','B',57),(110,'143','C',58),(111,'146','C',58),(112,'144','A',58),(113,'145','B',58),(114,'131','C',59),(115,'133','A',59),(116,'132','C',59),(117,'134','B',59),(118,'135','C',60),(119,'136','B',60),(120,'137','D',60),(121,'138','C',60),(122,'139','C',61),(123,'140','A',61),(124,'141','D',61),(125,'142','B',61),(126,'143','C',62),(127,'144','B',62),(128,'145','D',62),(129,'146','A',62),(130,'','C',63),(131,'What is the purpose of the notice?','D',64),(132,'The word “points\" in paragraph 1, line 6, is closest in meaning to','A',64),(133,'What is a stated advantage of the new ID badges?','D',64),(134,'According to the notice, what feature of the current IDs will be updated?','B',64),(135,'Why did Mr. Smith send the first message?','A',65),(136,'What is suggested about the Savy Steel meeting?','C',65),(137,'At 8:02 A.M., what does Mr. Domingo most likely mean when he writes, “Got it”?','C',65),(138,'What is Mr. Domingo asked to do?','C',65),(139,'What is the purpose of the letter?','B',66),(140,'What is indicated about Obsidian Villa?','C',66),(141,'What did Mr. Bolton send with the letter?','C',66),(142,'In which of the positions marked [1), [21, [3], and 4] does the following sentence best belong? “I have read numerous positive reviews that say the same.”','C',66),(143,'Who will be visiting from the Hong Kong office?','D',67),(144,'Who mo likestly is Ms. Zhang?','A',67),(145,'At 8:11 A.M., what does Mr. Li most likely mean when he writes, \"there are going to be three\"?','B',67),(146,'What does Ms. Cromwell ask Mr. Li to do?','B',67),(147,'What is the purpose of the information?','C',68),(148,'What is indicated about the proposed signs?','B',68),(149,'According to the information, what has been the result of installing the signs in other cities?','C',68),(150,'What is NOT a requirement for the new signs?','A',68),(151,'What is indicated about Traskin Public Relations?','A',69),(152,'What is suggested about the job being advertised?','B',69),(153,'What is one responsibility of the job?','D',69),(154,'In which of the positions marked [1], [2], [3], and [4] does the following sentence best belong? \"Experience preparing budgets is a plus.\"','C',69),(155,'What does the Web page state about Zolio Rentals?','B',70),(156,'Why did Mr. Fitzpatrick send the e-mail?','C',70),(157,'In the e-mail, the word \"cover\" in paragraph 2, line 3, is closest in meaning to','D',70),(158,'What does the e-mail suggest about Mr. Fitzpatric?','D',70),(159,'For whom is the document most likely intended?','C',71),(160,'The word “practices\" in paragraph 1, line 3, is closest in meaning to','D',71),(161,'What is indicated in the document?\n','A',71),(162,'What is NOT mentioned in the document as a safety measure?','C',71),(163,'What was the subject of initial complaints about the Carberry Public Works Building?','C',72),(164,'What is suggested about the town of Carberry?','C',72),(165,'How will the town address Ms. Molina\'s concerns?','C',72),(166,'In which of the positions marked [1], [2), [3)， and [4] does the following sentence best belong? “Dozens of people did just that.”','C',72),(167,'Why does Mr. Chambers contact Green City Tours?','B',73),(168,'What will Mr. Chambers do next?','C',73),(169,'At 1:35 p.M., what does Mr. Chambers most likely mean when he writes, \"That\'s disappointing\"?','A',73),(170,'What most likely is Ms. Diaz\' job?','D',73),(171,'k','B',74),(172,'kb','D',74),(173,'kb','B',74),(174,'bjk','C',74);
/*!40000 ALTER TABLE `cauhoi` ENABLE KEYS */;
UNLOCK TABLES;

--
-- Table structure for table `cautraloi`
--

DROP TABLE IF EXISTS `cautraloi`;
/*!40101 SET @saved_cs_client     = @@character_set_client */;
/*!50503 SET character_set_client = utf8mb4 */;
CREATE TABLE `cautraloi` (
  `id` int NOT NULL AUTO_INCREMENT,
  `thutucauhoi` int DEFAULT NULL,
  `cautraloi` varchar(45) DEFAULT NULL,
  `id_ketqua` int DEFAULT NULL,
  `id_cauhoi` int DEFAULT NULL,
  PRIMARY KEY (`id`),
  KEY `fk_ctrl_da_idx` (`id_ketqua`),
  KEY `kt_ch_idx` (`id_cauhoi`),
  CONSTRAINT `fk_kq_ctl` FOREIGN KEY (`id_ketqua`) REFERENCES `ketqua` (`id`) ON DELETE CASCADE ON UPDATE CASCADE,
  CONSTRAINT `kt_ch` FOREIGN KEY (`id_cauhoi`) REFERENCES `cauhoi` (`id`) ON DELETE CASCADE ON UPDATE CASCADE
) ENGINE=InnoDB AUTO_INCREMENT=1645 DEFAULT CHARSET=utf8mb4 COLLATE=utf8mb4_0900_ai_ci;
/*!40101 SET character_set_client = @saved_cs_client */;

--
-- Dumping data for table `cautraloi`
--

LOCK TABLES `cautraloi` WRITE;
/*!40000 ALTER TABLE `cautraloi` DISABLE KEYS */;
INSERT INTO `cautraloi` VALUES (879,1,'',32,14),(880,2,'',32,13),(881,3,'',32,2),(882,4,'',32,23),(883,5,'',32,27),(884,6,'',32,19),(885,7,'',32,46),(886,8,'',32,47),(887,9,'',32,48),(888,10,'',32,31),(889,11,'',32,32),(890,12,'',32,33),(891,13,'',32,37),(892,14,'',32,38),(893,15,'',32,39),(894,16,'',32,61),(895,17,'',32,62),(896,18,'',32,63),(897,19,'',32,85),(898,20,'',32,86),(899,21,'',32,87),(900,22,'',32,64),(901,23,'',32,65),(902,24,'',32,66),(903,25,'',32,96),(904,26,'',32,94),(905,27,'',32,3),(906,28,'',32,98),(907,29,'',32,99),(908,30,'',32,100),(909,31,'',32,101),(910,32,'',32,4),(911,33,'',32,5),(912,34,'',32,6),(913,35,'',32,7),(914,36,'',32,126),(915,37,'',32,127),(916,38,'',32,128),(917,39,'',32,129),(918,40,'',32,139),(919,41,'',32,140),(920,42,'',32,141),(921,43,'',32,142),(922,44,'',32,167),(923,45,'',32,168),(924,46,'',32,169),(925,47,'',32,170),(926,48,'',32,155),(927,49,'',32,156),(928,50,'',32,157),(929,51,'',32,158),(930,1,'',33,14),(931,1,'',34,14),(932,2,'',34,13),(933,3,'',34,2),(934,4,'',34,23),(935,5,'',34,27),(936,6,'',34,19),(937,7,'',34,46),(938,8,'',34,47),(939,9,'',34,48),(940,10,'',34,31),(941,11,'',34,32),(942,12,'',34,33),(943,13,'',34,37),(944,14,'',34,38),(945,15,'',34,39),(946,16,'',34,61),(947,17,'',34,62),(948,18,'',34,63),(949,19,'',34,85),(950,20,'',34,86),(951,21,'',34,87),(952,22,'',34,64),(953,23,'',34,65),(954,24,'',34,66),(955,25,'',34,96),(956,26,'',34,94),(957,27,'',34,3),(958,28,'',34,98),(959,29,'',34,99),(960,30,'',34,100),(961,31,'',34,101),(962,32,'',34,4),(963,33,'',34,5),(964,34,'',34,6),(965,35,'',34,7),(966,36,'',34,126),(967,37,'',34,127),(968,38,'',34,128),(969,39,'',34,129),(970,40,'',34,139),(971,41,'',34,140),(972,42,'',34,141),(973,43,'',34,142),(974,44,'',34,167),(975,45,'',34,168),(976,46,'',34,169),(977,47,'',34,170),(978,48,'',34,155),(979,49,'',34,156),(980,50,'',34,157),(981,51,'',34,158),(982,1,'',47,14),(983,2,'',47,13),(984,3,'',47,2),(985,4,'',47,23),(986,5,'',47,27),(987,6,'',47,19),(988,7,'',47,46),(989,8,'',47,47),(990,9,'',47,48),(991,10,'',47,31),(992,11,'',47,32),(993,12,'',47,33),(994,13,'',47,37),(995,14,'',47,38),(996,15,'',47,39),(997,16,'',47,61),(998,17,'',47,62),(999,18,'',47,63),(1000,19,'',47,85),(1001,20,'',47,86),(1002,21,'',47,87),(1003,22,'',47,64),(1004,23,'',47,65),(1005,24,'',47,66),(1006,25,'',47,96),(1007,26,'',47,94),(1008,27,'',47,3),(1009,28,'',47,98),(1010,29,'',47,99),(1011,30,'',47,100),(1012,31,'',47,101),(1013,32,'',47,4),(1014,33,'',47,5),(1015,34,'',47,6),(1016,35,'',47,7),(1017,36,'',47,126),(1018,37,'',47,127),(1019,38,'',47,128),(1020,39,'',47,129),(1021,40,'',47,139),(1022,41,'',47,140),(1023,42,'',47,141),(1024,43,'',47,142),(1025,44,'',47,167),(1026,45,'',47,168),(1027,46,'',47,169),(1028,47,'',47,170),(1029,48,'',47,155),(1030,49,'',47,156),(1031,50,'',47,157),(1032,51,'',47,158),(1033,1,'',48,14),(1034,2,'',48,13),(1035,3,'',48,2),(1036,4,'',48,23),(1037,5,'',48,27),(1038,6,'',48,19),(1039,7,'',48,46),(1040,8,'',48,47),(1041,9,'',48,48),(1042,10,'',48,31),(1043,11,'',48,32),(1044,12,'',48,33),(1045,13,'',48,37),(1046,14,'',48,38),(1047,15,'',48,39),(1048,16,'',48,61),(1049,17,'',48,62),(1050,18,'',48,63),(1051,19,'',48,85),(1052,20,'',48,86),(1053,21,'',48,87),(1054,22,'',48,64),(1055,23,'',48,65),(1056,24,'',48,66),(1057,25,'',48,96),(1058,26,'',48,94),(1059,27,'',48,3),(1060,28,'',48,98),(1061,29,'',48,99),(1062,30,'',48,100),(1063,31,'',48,101),(1064,32,'',48,4),(1065,33,'',48,5),(1066,34,'',48,6),(1067,35,'',48,7),(1068,36,'',48,126),(1069,37,'',48,127),(1070,38,'',48,128),(1071,39,'',48,129),(1072,40,'',48,139),(1073,41,'',48,140),(1074,42,'',48,141),(1075,43,'',48,142),(1076,44,'',48,167),(1077,45,'',48,168),(1078,46,'',48,169),(1079,47,'',48,170),(1080,48,'',48,155),(1081,49,'',48,156),(1082,50,'',48,157),(1083,51,'',48,158),(1084,1,'',52,14),(1085,2,'',52,13),(1086,3,'',52,2),(1087,4,'',52,23),(1088,5,'',52,27),(1089,6,'',52,19),(1090,7,'',52,46),(1091,8,'',52,47),(1092,9,'',52,48),(1093,10,'',52,31),(1094,11,'',52,32),(1095,12,'',52,33),(1096,13,'',52,37),(1097,14,'',52,38),(1098,15,'',52,39),(1099,16,'',52,61),(1100,17,'',52,62),(1101,18,'',52,63),(1102,19,'',52,85),(1103,20,'',52,86),(1104,21,'',52,87),(1105,22,'',52,64),(1106,23,'',52,65),(1107,24,'',52,66),(1108,25,'',52,96),(1109,26,'',52,94),(1110,27,'',52,3),(1111,28,'',52,98),(1112,29,'',52,99),(1113,30,'',52,100),(1114,31,'',52,101),(1115,32,'',52,4),(1116,33,'',52,5),(1117,34,'',52,6),(1118,35,'',52,7),(1119,36,'',52,126),(1120,37,'',52,127),(1121,38,'',52,128),(1122,39,'',52,129),(1123,40,'',52,139),(1124,41,'',52,140),(1125,42,'',52,141),(1126,43,'',52,142),(1127,44,'',52,167),(1128,45,'',52,168),(1129,46,'',52,169),(1130,47,'',52,170),(1131,48,'',52,155),(1132,49,'',52,156),(1133,50,'',52,157),(1134,51,'',52,158),(1135,1,'',53,14),(1136,2,'',53,13),(1137,3,'',53,2),(1138,4,'',53,23),(1139,5,'',53,27),(1140,6,'',53,19),(1141,7,'',53,46),(1142,8,'',53,47),(1143,9,'',53,48),(1144,10,'',53,31),(1145,11,'',53,32),(1146,12,'',53,33),(1147,13,'',53,37),(1148,14,'',53,38),(1149,15,'',53,39),(1150,16,'',53,61),(1151,17,'',53,62),(1152,18,'',53,63),(1153,19,'',53,85),(1154,20,'',53,86),(1155,21,'',53,87),(1156,22,'',53,64),(1157,23,'',53,65),(1158,24,'',53,66),(1159,25,'',53,96),(1160,26,'',53,94),(1161,27,'',53,3),(1162,28,'',53,98),(1163,29,'',53,99),(1164,30,'',53,100),(1165,31,'',53,101),(1166,32,'',53,4),(1167,33,'',53,5),(1168,34,'',53,6),(1169,35,'',53,7),(1170,36,'',53,126),(1171,37,'',53,127),(1172,38,'',53,128),(1173,39,'',53,129),(1174,40,'',53,139),(1175,41,'',53,140),(1176,42,'',53,141),(1177,43,'',53,142),(1178,44,'',53,167),(1179,45,'',53,168),(1180,46,'',53,169),(1181,47,'',53,170),(1182,48,'',53,155),(1183,49,'',53,156),(1184,50,'',53,157),(1185,51,'',53,158),(1186,1,'',54,14),(1187,2,'',54,13),(1188,3,'',54,2),(1189,4,'',54,23),(1190,5,'',54,27),(1191,6,'',54,19),(1192,7,'',54,46),(1193,8,'',54,47),(1194,9,'',54,48),(1195,10,'',54,31),(1196,11,'',54,32),(1197,12,'',54,33),(1198,13,'',54,37),(1199,14,'',54,38),(1200,15,'',54,39),(1201,16,'',54,61),(1202,17,'',54,62),(1203,18,'',54,63),(1204,19,'',54,85),(1205,20,'',54,86),(1206,21,'',54,87),(1207,22,'',54,64),(1208,23,'',54,65),(1209,24,'',54,66),(1210,25,'',54,96),(1211,26,'',54,94),(1212,27,'',54,3),(1213,28,'',54,98),(1214,29,'',54,99),(1215,30,'',54,100),(1216,31,'',54,101),(1217,32,'',54,4),(1218,33,'',54,5),(1219,34,'',54,6),(1220,35,'',54,7),(1221,36,'',54,126),(1222,37,'',54,127),(1223,38,'',54,128),(1224,39,'',54,129),(1225,40,'',54,139),(1226,41,'',54,140),(1227,42,'',54,141),(1228,43,'',54,142),(1229,44,'',54,167),(1230,45,'',54,168),(1231,46,'',54,169),(1232,47,'',54,170),(1233,48,'',54,155),(1234,49,'',54,156),(1235,50,'',54,157),(1236,51,'',54,158),(1237,1,'',55,14),(1238,2,'',55,13),(1239,3,'',55,2),(1240,4,'',55,23),(1241,5,'',55,27),(1242,6,'',55,19),(1243,7,'',55,46),(1244,8,'',55,47),(1245,9,'',55,48),(1246,10,'',55,31),(1247,11,'',55,32),(1248,12,'',55,33),(1249,13,'',55,37),(1250,14,'',55,38),(1251,15,'',55,39),(1252,16,'',55,61),(1253,17,'',55,62),(1254,18,'',55,63),(1255,19,'',55,85),(1256,20,'',55,86),(1257,21,'',55,87),(1258,22,'',55,64),(1259,23,'',55,65),(1260,24,'',55,66),(1261,25,'',55,96),(1262,26,'',55,94),(1263,27,'',55,3),(1264,28,'',55,98),(1265,29,'',55,99),(1266,30,'',55,100),(1267,31,'',55,101),(1268,32,'',55,4),(1269,33,'',55,5),(1270,34,'',55,6),(1271,35,'',55,7),(1272,36,'',55,126),(1273,37,'',55,127),(1274,38,'',55,128),(1275,39,'',55,129),(1276,40,'',55,139),(1277,41,'',55,140),(1278,42,'',55,141),(1279,43,'',55,142),(1280,44,'',55,167),(1281,45,'',55,168),(1282,46,'',55,169),(1283,47,'',55,170),(1284,48,'',55,155),(1285,49,'',55,156),(1286,50,'',55,157),(1287,51,'',55,158),(1288,1,'',56,14),(1289,2,'',56,13),(1290,3,'',56,2),(1291,4,'',56,23),(1292,5,'',56,27),(1293,6,'',56,19),(1294,7,'',56,46),(1295,8,'',56,47),(1296,9,'',56,48),(1297,10,'',56,31),(1298,11,'',56,32),(1299,12,'',56,33),(1300,13,'',56,37),(1301,14,'',56,38),(1302,15,'',56,39),(1303,16,'',56,61),(1304,17,'',56,62),(1305,18,'',56,63),(1306,19,'',56,85),(1307,20,'',56,86),(1308,21,'',56,87),(1309,22,'',56,64),(1310,23,'',56,65),(1311,24,'',56,66),(1312,25,'',56,96),(1313,26,'',56,94),(1314,27,'',56,3),(1315,28,'',56,98),(1316,29,'',56,99),(1317,30,'',56,100),(1318,31,'',56,101),(1319,32,'',56,4),(1320,33,'',56,5),(1321,34,'',56,6),(1322,35,'',56,7),(1323,36,'',56,126),(1324,37,'',56,127),(1325,38,'',56,128),(1326,39,'',56,129),(1327,40,'',56,139),(1328,41,'',56,140),(1329,42,'',56,141),(1330,43,'',56,142),(1331,44,'',56,167),(1332,45,'',56,168),(1333,46,'',56,169),(1334,47,'',56,170),(1335,48,'',56,155),(1336,49,'',56,156),(1337,50,'',56,157),(1338,51,'',56,158),(1339,1,'',57,14),(1340,2,'',57,13),(1341,3,'',57,2),(1342,4,'',57,23),(1343,5,'',57,27),(1344,6,'',57,19),(1345,7,'',57,46),(1346,8,'',57,47),(1347,9,'',57,48),(1348,10,'',57,31),(1349,11,'',57,32),(1350,12,'',57,33),(1351,13,'',57,37),(1352,14,'',57,38),(1353,15,'',57,39),(1354,16,'',57,61),(1355,17,'',57,62),(1356,18,'',57,63),(1357,19,'',57,85),(1358,20,'',57,86),(1359,21,'',57,87),(1360,22,'',57,64),(1361,23,'',57,65),(1362,24,'',57,66),(1363,25,'',57,96),(1364,26,'',57,94),(1365,27,'',57,3),(1366,28,'',57,98),(1367,29,'',57,99),(1368,30,'',57,100),(1369,31,'',57,101),(1370,32,'',57,4),(1371,33,'',57,5),(1372,34,'',57,6),(1373,35,'',57,7),(1374,36,'',57,126),(1375,37,'',57,127),(1376,38,'',57,128),(1377,39,'',57,129),(1378,40,'',57,139),(1379,41,'',57,140),(1380,42,'',57,141),(1381,43,'',57,142),(1382,44,'',57,167),(1383,45,'',57,168),(1384,46,'',57,169),(1385,47,'',57,170),(1386,48,'',57,155),(1387,49,'',57,156),(1388,50,'',57,157),(1389,51,'',57,158),(1390,1,'',58,14),(1391,2,'',58,13),(1392,3,'',58,2),(1393,4,'',58,23),(1394,5,'',58,27),(1395,6,'',58,19),(1396,7,'',58,46),(1397,8,'',58,47),(1398,9,'',58,48),(1399,10,'',58,31),(1400,11,'',58,32),(1401,12,'',58,33),(1402,13,'',58,37),(1403,14,'',58,38),(1404,15,'',58,39),(1405,16,'',58,61),(1406,17,'',58,62),(1407,18,'',58,63),(1408,19,'',58,85),(1409,20,'',58,86),(1410,21,'',58,87),(1411,22,'',58,64),(1412,23,'',58,65),(1413,24,'',58,66),(1414,25,'',58,96),(1415,26,'',58,94),(1416,27,'',58,3),(1417,28,'',58,98),(1418,29,'',58,99),(1419,30,'',58,100),(1420,31,'',58,101),(1421,32,'',58,4),(1422,33,'',58,5),(1423,34,'',58,6),(1424,35,'',58,7),(1425,36,'',58,126),(1426,37,'',58,127),(1427,38,'',58,128),(1428,39,'',58,129),(1429,40,'',58,139),(1430,41,'',58,140),(1431,42,'',58,141),(1432,43,'',58,142),(1433,44,'',58,167),(1434,45,'',58,168),(1435,46,'',58,169),(1436,47,'',58,170),(1437,48,'',58,155),(1438,49,'',58,156),(1439,50,'',58,157),(1440,51,'',58,158),(1441,1,'',59,14),(1442,2,'',59,13),(1443,3,'',59,2),(1444,4,'',59,23),(1445,5,'',59,27),(1446,6,'',59,19),(1447,7,'',59,46),(1448,8,'',59,47),(1449,9,'',59,48),(1450,10,'',59,31),(1451,11,'',59,32),(1452,12,'',59,33),(1453,13,'',59,37),(1454,14,'',59,38),(1455,15,'',59,39),(1456,16,'',59,61),(1457,17,'',59,62),(1458,18,'',59,63),(1459,19,'',59,85),(1460,20,'',59,86),(1461,21,'',59,87),(1462,22,'',59,64),(1463,23,'',59,65),(1464,24,'',59,66),(1465,25,'',59,96),(1466,26,'',59,94),(1467,27,'',59,3),(1468,28,'',59,98),(1469,29,'',59,99),(1470,30,'',59,100),(1471,31,'',59,101),(1472,32,'',59,4),(1473,33,'',59,5),(1474,34,'',59,6),(1475,35,'',59,7),(1476,36,'',59,126),(1477,37,'',59,127),(1478,38,'',59,128),(1479,39,'',59,129),(1480,40,'',59,139),(1481,41,'',59,140),(1482,42,'',59,141),(1483,43,'',59,142),(1484,44,'',59,167),(1485,45,'',59,168),(1486,46,'',59,169),(1487,47,'',59,170),(1488,48,'',59,155),(1489,49,'',59,156),(1490,50,'',59,157),(1491,51,'',59,158),(1492,1,'',60,14),(1493,2,'',60,13),(1494,3,'',60,2),(1495,4,'',60,23),(1496,5,'',60,27),(1497,6,'',60,19),(1498,7,'',60,46),(1499,8,'',60,47),(1500,9,'',60,48),(1501,10,'',60,31),(1502,11,'',60,32),(1503,12,'',60,33),(1504,13,'',60,37),(1505,14,'',60,38),(1506,15,'',60,39),(1507,16,'',60,61),(1508,17,'',60,62),(1509,18,'',60,63),(1510,19,'',60,85),(1511,20,'',60,86),(1512,21,'',60,87),(1513,22,'',60,64),(1514,23,'',60,65),(1515,24,'',60,66),(1516,25,'',60,96),(1517,26,'',60,94),(1518,27,'',60,3),(1519,28,'',60,98),(1520,29,'',60,99),(1521,30,'',60,100),(1522,31,'',60,101),(1523,32,'',60,4),(1524,33,'',60,5),(1525,34,'',60,6),(1526,35,'',60,7),(1527,36,'',60,126),(1528,37,'',60,127),(1529,38,'',60,128),(1530,39,'',60,129),(1531,40,'',60,139),(1532,41,'',60,140),(1533,42,'',60,141),(1534,43,'',60,142),(1535,44,'',60,167),(1536,45,'',60,168),(1537,46,'',60,169),(1538,47,'',60,170),(1539,48,'',60,155),(1540,49,'',60,156),(1541,50,'',60,157),(1542,51,'',60,158),(1543,1,'B',61,14),(1544,2,'B',61,13),(1545,3,'A',61,2),(1546,4,'B',61,23),(1547,5,'B',61,27),(1548,6,'C',61,19),(1549,7,'',61,46),(1550,8,'',61,47),(1551,9,'',61,48),(1552,10,'',61,31),(1553,11,'',61,32),(1554,12,'',61,33),(1555,13,'',61,37),(1556,14,'',61,38),(1557,15,'',61,39),(1558,16,'',61,61),(1559,17,'',61,62),(1560,18,'',61,63),(1561,19,'',61,85),(1562,20,'',61,86),(1563,21,'',61,87),(1564,22,'',61,64),(1565,23,'',61,65),(1566,24,'',61,66),(1567,25,'',61,96),(1568,26,'',61,94),(1569,27,'',61,3),(1570,28,'',61,98),(1571,29,'',61,99),(1572,30,'',61,100),(1573,31,'',61,101),(1574,32,'',61,4),(1575,33,'',61,5),(1576,34,'',61,6),(1577,35,'',61,7),(1578,36,'',61,126),(1579,37,'',61,127),(1580,38,'',61,128),(1581,39,'',61,129),(1582,40,'',61,139),(1583,41,'',61,140),(1584,42,'',61,141),(1585,43,'',61,142),(1586,44,'',61,167),(1587,45,'',61,168),(1588,46,'',61,169),(1589,47,'',61,170),(1590,48,'',61,155),(1591,49,'',61,156),(1592,50,'',61,157),(1593,51,'',61,158),(1594,1,'A',62,14),(1595,2,'A',62,13),(1596,3,'D',62,2),(1597,4,'A',62,23),(1598,5,'C',62,27),(1599,6,'',62,19),(1600,7,'',62,46),(1601,8,'',62,47),(1602,9,'',62,48),(1603,10,'',62,31),(1604,11,'',62,32),(1605,12,'',62,33),(1606,13,'',62,37),(1607,14,'',62,38),(1608,15,'',62,39),(1609,16,'',62,61),(1610,17,'',62,62),(1611,18,'',62,63),(1612,19,'',62,85),(1613,20,'',62,86),(1614,21,'',62,87),(1615,22,'',62,64),(1616,23,'',62,65),(1617,24,'',62,66),(1618,25,'',62,96),(1619,26,'',62,94),(1620,27,'',62,3),(1621,28,'',62,98),(1622,29,'',62,99),(1623,30,'',62,100),(1624,31,'',62,101),(1625,32,'',62,4),(1626,33,'',62,5),(1627,34,'',62,6),(1628,35,'',62,7),(1629,36,'',62,126),(1630,37,'',62,127),(1631,38,'',62,128),(1632,39,'',62,129),(1633,40,'',62,139),(1634,41,'',62,140),(1635,42,'',62,141),(1636,43,'',62,142),(1637,44,'',62,167),(1638,45,'',62,168),(1639,46,'',62,169),(1640,47,'',62,170),(1641,48,'',62,155),(1642,49,'',62,156),(1643,50,'',62,157),(1644,51,'',62,158);
/*!40000 ALTER TABLE `cautraloi` ENABLE KEYS */;
UNLOCK TABLES;

--
-- Table structure for table `dapan`
--

DROP TABLE IF EXISTS `dapan`;
/*!40101 SET @saved_cs_client     = @@character_set_client */;
/*!50503 SET character_set_client = utf8mb4 */;
CREATE TABLE `dapan` (
  `id` int NOT NULL AUTO_INCREMENT,
  `noidung` varchar(45) DEFAULT NULL,
  `loaidapan` int NOT NULL,
  `dapanthu` varchar(45) DEFAULT NULL,
  `id_cauhoi` int DEFAULT NULL,
  PRIMARY KEY (`id`),
  KEY `frk_id_cauhoi_dapan_idx` (`id_cauhoi`),
  CONSTRAINT `frk_id_cauhoi_dapan` FOREIGN KEY (`id_cauhoi`) REFERENCES `cauhoi` (`id`)
) ENGINE=InnoDB AUTO_INCREMENT=647 DEFAULT CHARSET=utf8mb4 COLLATE=utf8mb4_0900_ai_ci;
/*!40101 SET character_set_client = @saved_cs_client */;

--
-- Dumping data for table `dapan`
--

LOCK TABLES `dapan` WRITE;
/*!40000 ALTER TABLE `dapan` DISABLE KEYS */;
INSERT INTO `dapan` VALUES (1,'A',0,'A',1),(2,'B',0,'B',1),(3,'C',0,'C',1),(4,'D',0,'D',1),(5,'A',0,'A',2),(6,'D',0,'D',2),(7,'B',0,'B',2),(8,'C',0,'C',2),(9,'A',0,'A',3),(10,'B',0,'B',3),(11,'C',0,'C',3),(12,'D',0,'D',3),(13,'a',0,'A',4),(14,'c',0,'A',5),(15,'b',0,'B',4),(16,'c',0,'B',5),(17,'sa',0,'C',5),(18,'a',0,'D',5),(19,'b',0,'C',4),(20,'âd',0,'A',6),(21,'c',0,'D',4),(22,'adđ',0,'B',6),(23,'adc',0,'C',6),(24,'adad',0,'D',6),(25,'ad',0,'A',7),(26,'caca',0,'B',7),(27,'á',0,'C',7),(28,'c',0,'D',7),(29,'A',0,'A',8),(30,'B',0,'B',8),(31,'C',0,'C',8),(32,'D',0,'D',8),(33,'A',0,'A',9),(34,'B',0,'B',9),(35,'C',0,'C',9),(36,'D',0,'D',9),(37,'A',0,'A',10),(38,'B',0,'B',10),(39,'C',0,'C',10),(40,'D',0,'D',10),(41,'A',0,'A',11),(42,'B',0,'B',11),(43,'C',0,'C',11),(44,'D',0,'D',11),(45,'A',0,'A',12),(46,'B',0,'B',12),(47,'C',0,'C',12),(48,'D',0,'D',12),(49,'A',0,'A',13),(50,'B',0,'B',13),(51,'C',0,'C',13),(52,'D',0,'D',13),(53,'A',0,'A',14),(54,'B',0,'B',14),(55,'C',0,'C',14),(56,'D',0,'D',14),(57,'A',0,'A',15),(58,'B',0,'B',15),(59,'C',0,'C',15),(60,'D',0,'D',15),(61,'A',0,'A',16),(62,'B',0,'B',16),(63,'C',0,'C',16),(64,'D',0,'D',16),(65,'A',0,'A',17),(66,'B',0,'B',17),(67,'C',0,'C',17),(68,'D',0,'D',17),(69,'A',0,'A',18),(70,'B',0,'B',18),(71,'C',0,'C',18),(72,'A',0,'A',19),(73,'C',0,'C',19),(74,'B',0,'B',19),(75,'A',0,'A',20),(76,'B',0,'B',20),(77,'C',0,'C',20),(78,'A',0,'A',21),(79,'B',0,'B',21),(80,'C',0,'C',21),(81,'A',0,'A',22),(82,'B',0,'B',22),(83,'C',0,'C',22),(84,'A',0,'A',23),(85,'B',0,'B',23),(86,'C',0,'C',23),(87,'A',0,'A',24),(88,'B',0,'B',24),(89,'C',0,'C',24),(90,'A',0,'A',25),(91,'B',0,'B',25),(92,'C',0,'C',25),(93,'A',0,'A',26),(94,'B',0,'B',26),(95,'C',0,'C',26),(96,'A',0,'A',27),(97,'B',0,'B',27),(98,'C',0,'C',27),(99,'An awards dinner',0,'A',28),(100,'A company picnic',0,'B',28),(101,'Speak to a chef',0,'B',29),(102,'Make a list of dishes',0,'C',29),(103,'Rearrange some tables',0,'D',29),(104,'An orientation session',0,'C',28),(105,'A visit from VIP guests',0,'D',28),(106,'Update a computer',0,'A',30),(107,'Give a presentation',0,'B',30),(108,'Meet a client',0,'C',30),(109,'Send a package',0,'D',30),(110,'Check a booking form',0,'A',29),(111,'At a movie theater',0,'A',31),(112,'At a supermarket',0,'B',31),(113,'At a gallery',0,'C',31),(114,'At a department store',0,'D',31),(115,'He cannot find his sweater',0,'B',32),(116,'He forgot his discount coupon',0,'A',32),(117,'His credit card is not working',0,'C',32),(118,'His items are damaged',0,'D',32),(119,'Stop by later',0,'A',33),(120,'Provide contact information',0,'B',33),(121,'Fill out a form',0,'C',33),(122,'Show a ticket',0,'D',33),(123,'A software company',0,'A',34),(124,'A branch manager',0,'A',35),(125,'A job candidate',0,'B',35),(126,'A magazine publisher',0,'B',34),(127,'A new employee',0,'C',35),(128,'A real estate agency',0,'C',34),(129,'An accounting firm',0,'D',34),(130,'A potential investor',0,'D',35),(131,'Pick up ID badges',0,'A',36),(132,'View some images',0,'B',36),(133,'Sign a contract',0,'C',36),(134,'Take a building tour',0,'D',36),(135,'Driving instructor',0,'A',37),(136,'To recommend changing to a different service',0,'B',38),(137,'Customer service',0,'B',37),(138,'To inform the woman of a job opening',0,'C',38),(139,'Car rental firm employee',0,'C',37),(140,'To explain the reason for a schedule change',0,'D',38),(141,'Cancel an order',0,'A',39),(142,'Go on vacation',0,'B',39),(143,'Computer repair technician',0,'D',37),(144,'Start a new job',0,'C',39),(145,'Move to a new city',0,'D',39),(146,'To ask the woman to call back later',0,'A',38),(147,'At a print shop',0,'A',40),(148,'Launch a new product',0,'B',41),(149,'At a financial institution',0,'B',40),(150,'Have a prize drawing',0,'C',41),(151,'Move to a new location',0,'D',41),(152,'To request a rush order',0,'A',42),(153,'At a fitness facility',0,'C',40),(154,'To assign a task',0,'B',42),(155,'To check a policy',0,'C',42),(156,'At a post office',0,'D',40),(157,'To change a design',0,'D',42),(158,'Hold an annual sale',0,'A',41),(159,'A new product',0,'A',43),(160,'A rewards program',0,'A',44),(161,'A home delivery option',0,'B',44),(162,'A change in ownership',0,'B',43),(163,'A reservation system',0,'C',44),(164,'A product sample',0,'D',44),(165,'Post a notice',0,'A',45),(166,'A training session',0,'C',43),(167,'Contact a supplier',0,'B',45),(168,'Schedule a meeting',0,'C',45),(169,'An annual sale',0,'D',43),(170,'Review an advertisement',0,'D',45),(171,'At a department store',0,'A',46),(172,'Printing some documents',0,'A',47),(173,'At a hotel',0,'B',46),(174,'Finding a parking spot',0,'B',47),(175,'Using a Web site',0,'C',47),(176,'At a travel agency',0,'C',46),(177,'At a restaurant',0,'D',46),(178,'Accessing a facility',0,'D',47),(179,'He can save time on a task ',0,'A',48),(180,'He can get a refund for a service',0,'B',48),(181,'He does not need to pay extra',0,'C',48),(182,'He can promote his business',0,'D',48),(183,'Fixing some furniture',0,'A',49),(184,'A free sample',0,'A',50),(185,'Repainting a room ',0,'B',49),(186,'A store voucher',0,'B',50),(187,'A product catalog',0,'C',50),(188,'Installing an appliance',0,'C',49),(189,'Repairing a window',0,'D',49),(190,'A loyalty card',0,'D',50),(191,'It will be discontinued soon',0,'A',51),(192,'It has the most color options',0,'B',51),(193,'It does not contain harmful chemicals',0,'C',51),(194,'It comes with a product warranty',0,'D',51),(195,'At a medical facility',0,'A',52),(196,'On a Web site',0,'A',53),(197,'At a financial institution',0,'B',52),(198,'In a welcoming packet',0,'B',53),(199,'In an employee manual',0,'C',53),(200,'At a bulletin board',0,'D',53),(201,'At a manufacturing plant',0,'C',52),(202,'At a construction company',0,'D',52),(203,'Signed contracts',0,'A',54),(204,'Identification badges',0,'B',54),(205,'Work schedules',0,'C',54),(206,'Staff uniforms',0,'D',54),(207,'To inquire about a recruitment drive?',0,'A',55),(208,'To request decorating services',0,'B',55),(209,'A security firm',0,'A',56),(210,'To join a mailing list',0,'C',55),(211,'To place an advertisement',0,'D',55),(212,'A laundry service',0,'B',56),(213,'A clothing store',0,'C',56),(214,'A delivery company',0,'D',56),(215,'A site will undergo an inspection',0,'A',57),(216,'Her business will be closed',0,'B',57),(217,'She plans to go out of town',0,'C',57),(218,'She is working on her colleague\'s job',0,'D',57),(219,'Manufacturing facility workers',0,'A',58),(220,'New product testers',0,'D',58),(221,'Read product descriptions',0,'A',59),(222,'Department store employees',0,'B',58),(223,'Use satefy equiment',0,'B',59),(224,'Come to work early',0,'C',59),(225,'Wear a new uniform',0,'D',59),(226,'Used car deadlers',0,'C',58),(227,'A cash reward',0,'A',60),(228,'A store voucher',0,'B',60),(229,'Some sample products',0,'C',60),(230,'Paid time off',0,'D',60),(231,'At a clothing shop',0,'A',61),(232,'Delivery',0,'A',62),(233,'At a flower shop',0,'B',61),(234,'Assembly',0,'B',62),(235,'On-site classes',0,'C',62),(236,'Free repairs',0,'D',62),(237,'At a furniture store',0,'C',61),(238,'An information booklet',0,'A',63),(239,'At an office supplies store',0,'D',61),(240,'A sign-up form',0,'B',63),(241,'A discount coupon',0,'C',63),(242,'A parking pass',0,'D',63),(243,'Reserve a hotel room ',0,'A',64),(244,'Change a flight',0,'B',64),(245,'Renew a passport',0,'C',64),(246,'Rent a vehicle',0,'D',64),(247,'She is unable to process a request',0,'A',65),(248,'She would like to recommend a new product',0,'B',65),(249,'A proposed price increase is fair',0,'C',65),(250,'There is not a wide range to choose from',0,'D',65),(251,'Contacted another business',0,'A',66),(252,'Issued a partial refund',0,'B',66),(253,'Made a temporary reservation',0,'C',66),(254,'Sent information about a policy',0,'D',66),(255,'Announced changes in satefy regulations',0,'A',67),(256,'Streamlined the permit application process',0,'B',67),(257,'A training certificate',0,'B',68),(258,'A mobile service',0,'C',68),(259,'Updated a construction schedule',0,'C',67),(260,'A consulting service',0,'D',68),(261,'A business will hire more workers',0,'A',69),(262,'Began accepting bids for building work',0,'D',67),(263,'A training session will end',0,'B',69),(264,'Some fees will be increased',0,'C',69),(265,'Buildings will have a grand opening',0,'D',69),(266,'An energy-efficient device',0,'A',68),(267,'A medical clinic',0,'A',70),(268,'A hair salon',0,'B',70),(269,'A fitness facility',0,'C',70),(270,'A recruitment center',0,'D',70),(271,'To introduce a new service',0,'A',71),(272,'To get mailing information',0,'B',71),(273,'To request a payment',0,'C',71),(274,'To change an appointment',0,'D',71),(275,'The reception desk has moved',0,'A',72),(276,'The hours of openrations have changed',0,'B',72),(277,'A new phone system is in place ',0,'C',72),(278,'It will relocate soon',0,'D',72),(279,'At a financial advisory firm',0,'A',73),(280,'At a fashion design studio',0,'B',73),(281,'At a concert hall',0,'C',73),(282,'The speaker\'s colleague will give a talk ',0,'A',74),(283,'At a clothing store',0,'D',73),(284,'The speaker will give a tour',0,'B',74),(285,'The listeners will complete some paperwork',0,'C',74),(286,'The manager will distribute samples',0,'D',74),(287,'It was featured in a monthly magazine',0,'A',75),(288,'It is the largest in the area',0,'B',75),(289,'It was founded overseas',0,'C',75),(290,'It has changed a brand logo',0,'D',75),(291,'Finance',0,'A',76),(292,'Maintenance',0,'B',76),(293,'A landscaping project',0,'A',77),(294,'Administrator',0,'C',76),(295,'A security policy',0,'B',77),(296,'Marketing',0,'D',76),(297,'Some equipment repairs',0,'C',77),(298,'Some traning events',0,'D',77),(299,'To provide some feedback',0,'A',78),(300,'To request time off ',0,'B',78),(301,'To change workstations',0,'C',78),(302,'To get some earplugs',0,'D',78),(303,'Employee management',0,'A',79),(304,'Launched a software program',0,'D',80),(305,'Opened a training center',0,'C',80),(306,'Retirement planing',0,'B',79),(307,'Pick up some paperwork',0,'A',81),(308,'Watch an instructional video',0,'B',81),(309,'Sales techniques',0,'C',79),(310,'Find their group members',0,'C',81),(311,'Record some figures',0,'D',81),(312,'Public speaking',0,'D',79),(313,'Received a national award',0,'A',80),(314,'Published a new book ',0,'B',80),(315,'Public relations manager',0,'A',82),(316,'Her organizational skills',0,'B',83),(317,'Administrative assistant',0,'B',82),(318,'Her professional references',0,'C',83),(319,'Her career goals',0,'D',83),(320,'Be introduced to some employees',0,'A',84),(321,'Computer technician',0,'C',82),(322,'Senior accountant',0,'D',82),(323,'Give a presentation to the speaker',0,'B',84),(324,'Ask question about the position',0,'C',84),(325,'Take a tour of the building',0,'D',84),(326,'Her educational background',0,'A',83),(327,'A business opening',0,'A',85),(328,'A town election',0,'B',85),(329,'A music competition',0,'C',85),(330,'To share their feedback ',0,'A',86),(331,'To download an application form',0,'B',86),(332,'A film festival',0,'D',85),(333,'To view photos from past events',0,'C',86),(334,'To read some rules',0,'D',86),(335,'Eleanor McCarty may decide to cancel an event',0,'B',87),(336,'her',0,'A',88),(337,'hers',0,'B',88),(338,'herself',0,'C',88),(339,'she',0,'D',88),(340,'yet ',0,'A',89),(341,'but',0,'B',89),(342,'and ',0,'C',89),(343,'thus',0,'D',89),(344,'safely',0,'A',90),(345,'safety',0,'C',90),(346,'safe',0,'B',90),(347,'safer',0,'D',90),(348,'selling',0,'A',91),(349,'sold',0,'B',91),(350,'to sell',0,'C',91),(351,'sales',0,'D',91),(352,'choose',0,'A',92),(353,'wonder',0,'B',92),(354,'apply',0,'C',92),(355,'rent',0,'D',92),(356,'extra',0,'A',93),(357,'effort',0,'B',93),(358,'signal',0,'C',93),(359,'call',0,'D',93),(360,'effective',0,'A',94),(361,'effect',0,'B',94),(362,'effectively',0,'C',94),(363,'effecting',0,'D',94),(364,'for',0,'A',95),(365,'between',0,'B',95),(366,'including',0,'C',95),(367,'likewise',0,'D',95),(368,'following',0,'A',96),(369,'because',0,'B',96),(370,'including',0,'C',96),(371,'likewise',0,'D',96),(372,'reliably',0,'A',97),(373,'reliability',0,'C',97),(374,'rely',0,'B',97),(375,'reliable',0,'D',97),(376,'expensive',0,'A',98),(377,'repetitive',0,'B',98),(378,'surprising',0,'D',98),(379,'appealing',0,'C',98),(380,'modification',0,'A',99),(381,'modifies',0,'B',99),(382,'modifying',0,'C',99),(383,'modifications',0,'D',99),(384,'At that point, more tests will be conducted.',0,'A',100),(385,'The launch will be our biggest of the year.',0,'B',100),(386,'However, the surveys are not reliable.',0,'C',100),(387,'Team members must each sign the form.',0,'D',100),(388,'since',0,'A',101),(389,'or ',0,'B',101),(390,'if',0,'C',101),(391,'later',0,'D',101),(392,'until',0,'A',102),(393,'besides',0,'B',102),(394,'In other words',0,'A',103),(395,'For this reason',0,'B',103),(396,'into',0,'C',102),(397,'with',0,'D',102),(398,'For example',0,'C',103),(399,'As you know',0,'D',103),(400,'restore',0,'A',105),(401,'restoring',0,'B',105),(402,'restored',0,'C',105),(403,'restoration',0,'D',105),(404,'clothing',0,'A',106),(405,'ofer',0,'B',106),(406,'Made',0,'A',107),(407,'Making',0,'B',107),(408,'decoration',0,'C',106),(409,'performance',0,'D',106),(410,'To make',0,'C',107),(411,'They made',0,'D',107),(412,'Both',0,'A',108),(413,'They',0,'B',108),(414,'Fewer',0,'C',108),(415,'Theirs',0,'D',108),(416,'Our products make great gifts.',0,'A',109),(417,'While sturdy, wooden hangers are also heavy.',0,'B',109),(418,'Quality hangers are a great investment.',0,'C',109),(419,'school',0,'A',110),(420,'house',0,'B',110),(421,'I just started working with watercolors.',0,'C',111),(422,'thrilling',0,'A',112),(423,'store',0,'C',110),(424,'museum',0,'D',110),(425,'thrill',0,'B',112),(426,'thrilled',0,'C',112),(427,'thrills',0,'D',112),(428,'In addtion',0,'A',113),(429,'However',0,'B',113),(430,'In general',0,'C',113),(431,'I enjoyed the painting workshop last week.',0,'A',111),(432,'Similarly',0,'D',113),(433,'in case',0,'A',114),(434,'was processed',0,'B',115),(435,'as much as',0,'B',114),(436,'is processing',0,'C',115),(437,'to be processing',0,'D',115),(438,'prior to',0,'C',114),(439,'in keeping with',0,'D',114),(440,'We value all of our loyal customers.',0,'C',116),(441,'will be processed',0,'A',115),(442,'past',0,'A',117),(443,'above',0,'B',117),(444,'aboard',0,'C',117),(445,'minus',0,'D',117),(446,'existed',0,'A',118),(447,'existence',0,'B',118),(448,'to exist',0,'C',118),(449,'when',0,'A',119),(450,'existing',0,'D',118),(451,'plus',0,'B',119),(452,'already',0,'C',119),(453,'whose',0,'D',119),(454,'Previously',0,'A',120),(455,'Otherwise',0,'B',120),(456,'Even so',0,'C',120),(457,'For this reason',0,'D',120),(458,'The new software will be ordered this week.',0,'A',121),(459,'This is a request to be prompt.',0,'A',122),(460,'has been hired',0,'C',123),(461,'is being hired',0,'D',123),(462,'Thanks for the generous contribution.',0,'B',122),(463,'referral',0,'A',124),(464,'administrator',0,'B',124),(465,'All are welcome here.',0,'C',122),(466,'running',0,'C',124),(467,'management',0,'D',124),(468,'yourself',0,'A',125),(469,'I hope that all are well.',0,'D',122),(470,'him',0,'B',125),(471,'them',0,'C',125),(472,'ourselves',0,'D',125),(473,'is hiring',0,'A',123),(474,'will be hired',0,'B',123),(475,'despite',0,'A',126),(476,'instead of',0,'B',126),(477,'except for',0,'C',126),(478,'were inviting',0,'D',127),(479,'along with',0,'D',126),(480,'Early',0,'A',128),(481,'invite',0,'A',127),(482,'Past',0,'B',128),(483,'invited',0,'B',127),(484,'Affordable',0,'C',128),(485,'may invite',0,'C',127),(486,'Participating',0,'D',128),(487,'Thank you for your order.',0,'A',129),(488,'It can be used for three days.',0,'B',129),(489,'The bus runs only on weekdays.',0,'C',129),(490,'All major credit cards are accepted.',0,'D',129),(491,'A',0,'A',130),(492,'B',0,'B',130),(493,'C',0,'C',130),(494,'D',0,'D',130),(495,'To ask employees to submit information',0,'A',131),(496,'To encourage greater use of the facilities',0,'B',131),(497,'To discuss renovations to a building',0,'C',131),(498,'To announce security system changes',0,'D',131),(499,'purposes',0,'A',132),(500,'details',0,'B',132),(501,'places',0,'C',132),(502,'moments',0,'D',132),(503,'They fit conveniently into a pocket.',0,'A',133),(504,'They can track an employee\'s location on-site',0,'D',133),(505,'The photo',0,'A',134),(506,'The company logo',0,'B',134),(507,'The shape',0,'C',134),(508,'The employee\'s job title',0,'D',134),(509,'To extend an invitation',0,'A',135),(510,'To request some help',0,'B',135),(511,'To apologize for a mistake',0,'C',135),(512,'It is being moved to a different location.',0,'A',136),(513,'To confirm a travel reservation',0,'D',135),(514,'It will start later than planned.',0,'D',136),(515,'He will check some equipment.',0,'A',137),(516,'He will unlock the Aster Room.',0,'B',137),(517,'He will bring some more chairs.',0,'C',137),(518,'He will revise the meeting\'s agenda.',0,'D',137),(519,'Bring coffee to his coworkers',0,'A',138),(520,'Make changes to some slides',0,'B',138),(521,'Meet Mr. Smith at the station',0,'C',138),(522,'Make some copies',0,'D',138),(523,'To introduce a product',0,'A',139),(524,'To make a reservation',0,'B',139),(525,'To propose a new partnership',0,'C',139),(526,'To announce a promotion',0,'D',139),(527,'It usually has rooms available.',0,'A',140),(528,'It recently hired additional managers.',0,'B',140),(529,'It has three million customers a year.',0,'C',140),(530,'It provides good customer service',0,'D',140),(531,'Sample advertisements',0,'A',141),(532,'An in-flight magazine',0,'B',141),(533,'Airline tickets',0,'C',141),(534,'A client\'s itinerary',0,'D',141),(535,'[1]',0,'A',142),(536,'[2]',0,'B',142),(537,'[3]',0,'C',142),(538,'[4]',0,'D',142),(539,'Mr. Tham',0,'A',143),(540,'Ms. Cromwell',0,'B',143),(541,'An accountant',0,'A',144),(542,'A human resources representative',0,'B',144),(543,'Ms. Agarwal',0,'C',143),(544,'Mr. Klein',0,'D',143),(545,'A marketing specialist',0,'C',144),(546,'A package designer',0,'D',144),(547,'An additional visitor is arriving.',0,'A',145),(548,'Another conference room is available.',0,'B',145),(549,'Print a meeting schedule',0,'A',146),(550,'Prepare a list of contacts',0,'B',146),(551,'Distribute a lunch menu',0,'C',146),(552,'Assign visitors to offices',0,'D',146),(553,'To solicit bids for a city project',0,'B',147),(554,'To outline the history of bus ridership',0,'C',147),(555,'To encourage environmental responsibility',0,'D',147),(556,'Increased use of public transportation',0,'A',149),(557,'Higher bus fares',0,'B',149),(558,'Improved lighting at bus stops',0,'C',149),(559,'More on-time bus arrivals',0,'D',149),(560,'They must be powered by solar energy.',0,'A',150),(561,'They must operate in the rain.',0,'B',150),(562,'They must be reliable.',0,'C',150),(563,'They must display information in color.',0,'D',150),(564,'It is a new company.',0,'A',151),(565,'It has international offices.',0,'B',151),(566,'It is growing in size.',0,'D',151),(567,'It focuses on Web site development.',0,'C',151),(568,'It offers travel opportunities.',0,'A',152),(569,'It may lead to a promotion.',0,'C',152),(570,'It is a temporary position.',0,'D',152),(571,'Sending updates regularly',0,'A',153),(572,'Leading weekly team meetings',0,'B',153),(573,'Conducting market research',0,'C',153),(574,'Assigning tasks to team members',0,'D',153),(575,'[1]',0,'A',154),(576,'[2]',0,'B',154),(577,'[3]',0,'C',154),(578,'[4]',0,'D',154),(579,'It is expanding its inventory.',0,'A',155),(580,'To make an offer of assistance',0,'A',156),(581,'To apologize for an oversight',0,'B',156),(582,'It can deliver equipment to certain areas.',0,'C',155),(583,'It recently opened branch locations.',0,'D',155),(584,'To ask for feedback on a product',0,'C',156),(585,'To postpone a project',0,'D',156),(586,'report on',0,'A',157),(587,'protect',0,'B',157),(588,'conceal',0,'C',157),(589,'pay for',0,'D',157),(590,'His family is planning to relocate to Durham.',0,'A',158),(591,'Ladder manufacturers',0,'A',159),(592,'Clothing designers',0,'B',159),(593,'Home inspectors',0,'C',159),(594,'regular actions',0,'A',160),(595,'physical exercises',0,'B',160),(596,'Roof installers',0,'D',159),(597,'professional businesses',0,'C',160),(598,'performance rehearsals',0,'D',160),(599,'Roofers must attend a company workshop.',0,'D',161),(600,'Using safety glasses',0,'A',162),(601,'Using earmuffs',0,'B',162),(602,'Wearing sturdy footwear',0,'C',162),(603,'Performing equipment checks',0,'D',162),(604,'Its size',0,'A',163),(605,'Its design',0,'B',163),(606,'It is postponing an event.',0,'A',164),(607,'It is seeking a new town manager.',0,'B',164),(608,'It has multiple projects for next year.',0,'C',164),(609,'Its location',0,'C',163),(610,'Its purpose',0,'D',163),(611,'It has fewer residents than nearby towns.',0,'D',164),(612,'By reimbursing her for a utility bill',0,'B',165),(613,'By directing water away from an area',0,'C',165),(614,'By expanding a building\'s parking area',0,'D',165),(615,'[1]',0,'A',166),(616,'[2]',0,'B',166),(617,'[3]',0,'C',166),(618,'[4]',0,'D',166),(619,'To plan a trip for new employees',0,'A',167),(620,'To question a credit card charge',0,'B',167),(621,'Prepare a welcome speech',0,'A',168),(622,'Research a historical site',0,'B',168),(623,'Speak with a colleague',0,'C',168),(624,'To inquire about the details of a trip',0,'C',167),(625,'To provide emergency contact information',0,'D',167),(626,'Sample some food items',0,'D',168),(627,'He does not like some contract terms.',0,'D',169),(628,'Vancouver city administrator',0,'B',170),(629,'Travel blog writer',0,'C',170),(630,'Hotel concierge',0,'D',170),(631,'bkbkb',0,'A',171),(632,'bk',0,'C',171),(633,'b',0,'D',171),(634,'kb',0,'B',172),(635,'kb',0,'A',172),(636,'kbk',0,'B',171),(637,'kjb',0,'C',172),(638,'kjb',0,'D',172),(639,'kb',0,'A',173),(640,'kb',0,'B',173),(641,'kb',0,'C',173),(642,'k',0,'D',173),(643,'bkj',0,'A',174),(644,'adsdas',0,'B',174),(645,'kb',0,'C',174),(646,'kb',0,'D',174);
/*!40000 ALTER TABLE `dapan` ENABLE KEYS */;
UNLOCK TABLES;

--
-- Table structure for table `dethi`
--

DROP TABLE IF EXISTS `dethi`;
/*!40101 SET @saved_cs_client     = @@character_set_client */;
/*!50503 SET character_set_client = utf8mb4 */;
CREATE TABLE `dethi` (
  `id` int NOT NULL AUTO_INCREMENT,
  `madethi` varchar(45) DEFAULT NULL,
  `tieude` varchar(255) DEFAULT NULL,
  `loaidethi` int DEFAULT NULL,
  `mota` varchar(500) DEFAULT NULL,
  `thoigianthi` datetime DEFAULT NULL,
  `ngaytao` datetime DEFAULT CURRENT_TIMESTAMP,
  `id_nguoitao` int NOT NULL,
  PRIMARY KEY (`id`),
  UNIQUE KEY `madethi_UNIQUE` (`madethi`),
  KEY `fk_nguoitao_de_idx` (`id_nguoitao`),
  CONSTRAINT `fk_nguoitao_de` FOREIGN KEY (`id_nguoitao`) REFERENCES `taikhoan` (`id`)
) ENGINE=InnoDB AUTO_INCREMENT=80 DEFAULT CHARSET=utf8mb4 COLLATE=utf8mb4_0900_ai_ci;
/*!40101 SET character_set_client = @saved_cs_client */;

--
-- Dumping data for table `dethi`
--

LOCK TABLES `dethi` WRITE;
/*!40000 ALTER TABLE `dethi` DISABLE KEYS */;
INSERT INTO `dethi` VALUES (78,'EXAM-2023422222028000','jHDVDSJ',0,'ADFA','2023-04-22 15:20:15','2023-04-22 15:20:28',1),(79,'EXAM-2023422222045000','ADA',1,'','2023-04-22 15:20:36','2023-04-22 15:20:45',1);
/*!40000 ALTER TABLE `dethi` ENABLE KEYS */;
UNLOCK TABLES;

--
-- Table structure for table `dethicauhoi`
--

DROP TABLE IF EXISTS `dethicauhoi`;
/*!40101 SET @saved_cs_client     = @@character_set_client */;
/*!50503 SET character_set_client = utf8mb4 */;
CREATE TABLE `dethicauhoi` (
  `id` int NOT NULL AUTO_INCREMENT,
  `id_dethi` int DEFAULT NULL,
  `id_nhomcauhoi` int DEFAULT NULL,
  PRIMARY KEY (`id`),
  KEY `fk_dethi_cauhoi_1_idx` (`id_dethi`),
  KEY `fk_cauhoi_dethi_1_idx` (`id_nhomcauhoi`),
  CONSTRAINT `fk_cauhoi_dethi_1` FOREIGN KEY (`id_nhomcauhoi`) REFERENCES `nhomcauhoi` (`id`) ON DELETE RESTRICT ON UPDATE RESTRICT,
  CONSTRAINT `fk_dethi_cauhoi_1` FOREIGN KEY (`id_dethi`) REFERENCES `dethi` (`id`) ON DELETE CASCADE ON UPDATE CASCADE
) ENGINE=InnoDB AUTO_INCREMENT=981 DEFAULT CHARSET=utf8mb4 COLLATE=utf8mb4_0900_ai_ci;
/*!40101 SET character_set_client = @saved_cs_client */;

--
-- Dumping data for table `dethicauhoi`
--

LOCK TABLES `dethicauhoi` WRITE;
/*!40000 ALTER TABLE `dethicauhoi` DISABLE KEYS */;
INSERT INTO `dethicauhoi` VALUES (939,78,11),(940,78,10),(941,78,2),(942,78,20),(943,78,24),(944,78,16),(945,78,31),(946,78,26),(947,78,28),(948,78,36),(949,78,44),(950,78,37),(951,78,53),(952,78,51),(953,78,3),(954,78,55),(955,78,4),(956,78,62),(957,78,66),(958,78,73),(959,78,70),(960,79,9),(961,79,14),(962,79,7),(963,79,19),(964,79,21),(965,79,16),(966,79,32),(967,79,25),(968,79,31),(969,79,35),(970,79,42),(971,79,39),(972,79,51),(973,79,49),(974,79,45),(975,79,58),(976,79,60),(977,79,55),(978,79,68),(979,79,67),(980,79,74);
/*!40000 ALTER TABLE `dethicauhoi` ENABLE KEYS */;
UNLOCK TABLES;

--
-- Table structure for table `dethithisinh`
--

DROP TABLE IF EXISTS `dethithisinh`;
/*!40101 SET @saved_cs_client     = @@character_set_client */;
/*!50503 SET character_set_client = utf8mb4 */;
CREATE TABLE `dethithisinh` (
  `id` int NOT NULL AUTO_INCREMENT,
  `id_dethi` int NOT NULL,
  `id_thisinh` int NOT NULL,
  PRIMARY KEY (`id`),
  KEY `fk_dethi_thisinh_idx` (`id_dethi`),
  KEY `fk_thisinh_dethi_idx` (`id_thisinh`),
  CONSTRAINT `fk_dethi_thisinh` FOREIGN KEY (`id_dethi`) REFERENCES `dethi` (`id`) ON DELETE CASCADE ON UPDATE CASCADE,
  CONSTRAINT `fk_thisinh_dethi` FOREIGN KEY (`id_thisinh`) REFERENCES `taikhoan` (`id`) ON DELETE RESTRICT ON UPDATE RESTRICT
) ENGINE=InnoDB AUTO_INCREMENT=26 DEFAULT CHARSET=utf8mb4 COLLATE=utf8mb4_0900_ai_ci;
/*!40101 SET character_set_client = @saved_cs_client */;

--
-- Dumping data for table `dethithisinh`
--

LOCK TABLES `dethithisinh` WRITE;
/*!40000 ALTER TABLE `dethithisinh` DISABLE KEYS */;
INSERT INTO `dethithisinh` VALUES (25,78,1);
/*!40000 ALTER TABLE `dethithisinh` ENABLE KEYS */;
UNLOCK TABLES;

--
-- Table structure for table `ketqua`
--

DROP TABLE IF EXISTS `ketqua`;
/*!40101 SET @saved_cs_client     = @@character_set_client */;
/*!50503 SET character_set_client = utf8mb4 */;
CREATE TABLE `ketqua` (
  `id` int NOT NULL AUTO_INCREMENT,
  `tongdiem` int NOT NULL,
  `socaudung` int NOT NULL,
  `socausai` int NOT NULL,
  `socauboqua` int NOT NULL,
  `thoigiannopbai` datetime NOT NULL DEFAULT CURRENT_TIMESTAMP,
  `id_dethiketqua` int DEFAULT NULL,
  PRIMARY KEY (`id`),
  KEY `ktdtkq_idx` (`id_dethiketqua`),
  CONSTRAINT `ktdtkq` FOREIGN KEY (`id_dethiketqua`) REFERENCES `dethithisinh` (`id`)
) ENGINE=InnoDB AUTO_INCREMENT=63 DEFAULT CHARSET=utf8mb4 COLLATE=utf8mb4_0900_ai_ci;
/*!40101 SET character_set_client = @saved_cs_client */;

--
-- Dumping data for table `ketqua`
--

LOCK TABLES `ketqua` WRITE;
/*!40000 ALTER TABLE `ketqua` DISABLE KEYS */;
INSERT INTO `ketqua` VALUES (32,0,0,0,51,'2023-04-23 09:56:39',25),(33,0,0,0,1,'2023-04-23 10:02:00',25),(34,0,0,0,51,'2023-04-23 10:07:04',25),(35,0,0,0,51,'2023-04-23 10:08:38',25),(36,0,0,0,51,'2023-04-23 10:08:41',25),(37,0,0,0,51,'2023-04-23 10:09:00',25),(38,0,0,0,51,'2023-04-23 10:09:07',25),(39,0,0,0,51,'2023-04-23 10:09:18',25),(40,0,0,0,51,'2023-04-23 10:09:19',25),(41,0,0,0,51,'2023-04-23 10:09:20',25),(42,0,0,0,51,'2023-04-23 10:09:29',25),(43,0,0,0,51,'2023-04-23 10:09:30',25),(44,0,0,0,51,'2023-04-23 10:10:22',25),(45,0,0,0,51,'2023-04-23 10:10:25',25),(46,0,0,0,51,'2023-04-23 10:10:26',25),(47,0,0,0,51,'2023-04-23 10:10:31',25),(48,0,0,0,51,'2023-04-23 10:10:31',25),(49,0,0,0,51,'2023-04-23 10:10:43',25),(50,0,0,0,51,'2023-04-23 10:11:48',25),(51,0,0,0,51,'2023-04-23 10:11:53',25),(52,0,0,0,51,'2023-04-23 10:12:39',25),(53,0,0,0,51,'2023-04-23 10:12:51',25),(54,0,0,0,51,'2023-04-23 10:12:53',25),(55,0,0,0,51,'2023-04-23 10:13:10',25),(56,0,0,0,51,'2023-04-23 10:13:32',25),(57,0,0,0,51,'2023-04-23 10:16:19',25),(58,0,0,0,51,'2023-04-23 10:16:43',25),(59,0,0,0,51,'2023-04-23 10:17:11',25),(60,0,0,0,51,'2023-04-23 10:17:51',25),(61,25,5,1,45,'2023-04-23 10:56:10',25),(62,0,0,5,46,'2023-04-23 10:56:32',25);
/*!40000 ALTER TABLE `ketqua` ENABLE KEYS */;
UNLOCK TABLES;

--
-- Table structure for table `nguoidung`
--

DROP TABLE IF EXISTS `nguoidung`;
/*!40101 SET @saved_cs_client     = @@character_set_client */;
/*!50503 SET character_set_client = utf8mb4 */;
CREATE TABLE `nguoidung` (
  `id` int NOT NULL AUTO_INCREMENT,
  `tennguoidung` varchar(45) DEFAULT NULL,
  `email` varchar(45) DEFAULT NULL,
  `sodienthoai` varchar(45) DEFAULT NULL,
  `ngaytao` datetime DEFAULT CURRENT_TIMESTAMP,
  `gioitinh` varchar(45) DEFAULT NULL,
  `diachi` varchar(255) DEFAULT NULL,
  PRIMARY KEY (`id`)
) ENGINE=InnoDB AUTO_INCREMENT=15 DEFAULT CHARSET=utf8mb4 COLLATE=utf8mb4_0900_ai_ci;
/*!40101 SET character_set_client = @saved_cs_client */;

--
-- Dumping data for table `nguoidung`
--

LOCK TABLES `nguoidung` WRITE;
/*!40000 ALTER TABLE `nguoidung` DISABLE KEYS */;
INSERT INTO `nguoidung` VALUES (1,'Tho','Tho1@gmail.com','0976553787','2023-03-23 21:03:44','Nam','HCM'),(2,'Tho','Tho@gmail.com','0976553788','2023-03-23 21:03:44','Nu','HCM'),(11,'Thọ bê đê anbccđ haa','a@gmail.com','09878728627','2023-03-26 22:52:55','Nam','123 HCM'),(12,'Nguyễn A','nhatan@gmail.com','0987654321','2023-04-20 18:56:59','Nam','HCM'),(13,'Nguyễn B','nhatan@gmail.com','0987654321','2023-04-20 18:57:09','Nữ','HCM'),(14,'Haha','k2@gmai.com','0321456787','2023-04-22 09:18:27','Nam','A HCM');
/*!40000 ALTER TABLE `nguoidung` ENABLE KEYS */;
UNLOCK TABLES;

--
-- Table structure for table `nhomcauhoi`
--

DROP TABLE IF EXISTS `nhomcauhoi`;
/*!40101 SET @saved_cs_client     = @@character_set_client */;
/*!50503 SET character_set_client = utf8mb4 */;
CREATE TABLE `nhomcauhoi` (
  `id` int NOT NULL AUTO_INCREMENT,
  `noidungcauhoi` longtext NOT NULL,
  `hinhanh` varchar(1000) DEFAULT NULL,
  `amthanh` varchar(1000) DEFAULT NULL,
  `ngaytao` datetime DEFAULT CURRENT_TIMESTAMP,
  `phancauhoi` int NOT NULL DEFAULT '1',
  `id_nguoitao` int DEFAULT NULL,
  PRIMARY KEY (`id`),
  KEY `frk_nguoitao_idx` (`id_nguoitao`),
  CONSTRAINT `frk_nguoitao` FOREIGN KEY (`id_nguoitao`) REFERENCES `taikhoan` (`id`)
) ENGINE=InnoDB AUTO_INCREMENT=75 DEFAULT CHARSET=utf8mb4 COLLATE=utf8mb4_0900_ai_ci;
/*!40101 SET character_set_client = @saved_cs_client */;

--
-- Dumping data for table `nhomcauhoi`
--

LOCK TABLES `nhomcauhoi` WRITE;
/*!40000 ALTER TABLE `nhomcauhoi` DISABLE KEYS */;
INSERT INTO `nhomcauhoi` VALUES (1,'','https://firebasestorage.googleapis.com/v0/b/study5-9740f.appspot.com/o/files%2FCau1.jpg%20%20%20%20%20%20%202023-4-10%2022%3A48%3A51?alt=media&token=b7fc9fc7-73be-451c-b173-5dcf959f56fd','https://firebasestorage.googleapis.com/v0/b/study5-9740f.appspot.com/o/files%2FTEST%2001_001.mp3%20%20%20%20%20%20%202023-4-10%2022%3A46%3A51?alt=media&token=34a7e2dd-6294-4a3f-9c1f-aaa12e7ebeda','2023-04-10 22:51:05',1,1),(2,'','https://firebasestorage.googleapis.com/v0/b/study5-9740f.appspot.com/o/files%2FCau1.jpg%20%20%20%20%20%20%202023-4-11%2020%3A5%3A18?alt=media&token=30b8b7a2-e6dc-4b21-b92d-90f3ecbc5690','https://firebasestorage.googleapis.com/v0/b/study5-9740f.appspot.com/o/files%2FCau2.mp3%20%20%20%20%20%20%202023-4-11%2020%3A5%3A6?alt=media&token=9ea89150-8f42-4054-ae4a-0c30ffb0a3d3','2023-04-11 20:05:25',1,1),(3,'what your name ???','','','2023-04-11 20:06:19',5,1),(4,'aaaaaaaaaaaaaaaaaaaaaaaaa','','','2023-04-11 20:16:48',6,1),(5,'','https://firebasestorage.googleapis.com/v0/b/study5-9740f.appspot.com/o/files%2FCau1-Test01.jpg%20%20%20%20%20%20%202023-4-14%2020%3A18%3A20?alt=media&token=9c982c18-1139-4b85-9a72-f687b493b070','https://firebasestorage.googleapis.com/v0/b/study5-9740f.appspot.com/o/files%2FCau1-Test01.mp3%20%20%20%20%20%20%202023-4-14%2020%3A18%3A1?alt=media&token=b79d5620-2cd8-4720-9738-8162106ce3ca','2023-04-14 20:18:58',1,1),(6,'','https://firebasestorage.googleapis.com/v0/b/study5-9740f.appspot.com/o/files%2FCau2-Test01.jpg%20%20%20%20%20%20%202023-4-14%2020%3A20%3A22?alt=media&token=f4fa14be-64df-49e9-90b7-095f5d27e87f','https://firebasestorage.googleapis.com/v0/b/study5-9740f.appspot.com/o/files%2FCau2-Test01.mp3%20%20%20%20%20%20%202023-4-14%2020%3A19%3A50?alt=media&token=de2806b9-6586-433d-a0d5-e104457f265f','2023-04-14 20:20:25',1,1),(7,'','https://firebasestorage.googleapis.com/v0/b/study5-9740f.appspot.com/o/files%2FCau3-Test01.jpg%20%20%20%20%20%20%202023-4-14%2020%3A20%3A48?alt=media&token=8bb65f4c-da70-418e-a6a4-29096dfef3b7','https://firebasestorage.googleapis.com/v0/b/study5-9740f.appspot.com/o/files%2FCau3-Test01.mp3%20%20%20%20%20%20%202023-4-14%2020%3A20%3A36?alt=media&token=5739834d-279f-49ab-9d8e-a5930d143df2','2023-04-14 20:20:52',1,1),(8,'','https://firebasestorage.googleapis.com/v0/b/study5-9740f.appspot.com/o/files%2FCau4-Test01.jpg%20%20%20%20%20%20%202023-4-14%2020%3A21%3A22?alt=media&token=ba17b88a-071e-43cb-a196-cf4f507eb7fe','https://firebasestorage.googleapis.com/v0/b/study5-9740f.appspot.com/o/files%2FCau4-Test01.mp3%20%20%20%20%20%20%202023-4-14%2020%3A21%3A6?alt=media&token=5e34a36c-3732-420a-abd1-539b8ee566a3','2023-04-14 20:21:26',1,1),(9,'','https://firebasestorage.googleapis.com/v0/b/study5-9740f.appspot.com/o/files%2FCau5-Test01.jpg%20%20%20%20%20%20%202023-4-14%2020%3A21%3A49?alt=media&token=46729262-436f-4c3b-adc3-cae3dc3ff9f9','https://firebasestorage.googleapis.com/v0/b/study5-9740f.appspot.com/o/files%2FCau5-Test01.mp3%20%20%20%20%20%20%202023-4-14%2020%3A21%3A38?alt=media&token=2ac4dff1-5481-4858-9b7e-c3e754bec8ff','2023-04-14 20:21:53',1,1),(10,'','https://firebasestorage.googleapis.com/v0/b/study5-9740f.appspot.com/o/files%2FCau1-Test02.jpg%20%20%20%20%20%20%202023-4-14%2020%3A22%3A19?alt=media&token=f3b18fe6-f506-4869-b09d-6771dd8463c9','https://firebasestorage.googleapis.com/v0/b/study5-9740f.appspot.com/o/files%2FCau1-Test02.mp3%20%20%20%20%20%20%202023-4-14%2020%3A22%3A6?alt=media&token=add4d91c-dea2-44c2-bf60-69f24c9a1b04','2023-04-14 20:22:25',1,1),(11,'','https://firebasestorage.googleapis.com/v0/b/study5-9740f.appspot.com/o/files%2FCau2-Test02.jpg%20%20%20%20%20%20%202023-4-14%2020%3A22%3A46?alt=media&token=521edca4-6b92-4f7f-8780-e5222d7b94e0','https://firebasestorage.googleapis.com/v0/b/study5-9740f.appspot.com/o/files%2FCau2-Test02.mp3%20%20%20%20%20%20%202023-4-14%2020%3A22%3A36?alt=media&token=850087ae-e62f-4dfe-8114-ab0a94584c85','2023-04-14 20:22:50',1,1),(12,'','https://firebasestorage.googleapis.com/v0/b/study5-9740f.appspot.com/o/files%2FCau3-Test02.jpg%20%20%20%20%20%20%202023-4-14%2020%3A23%3A14?alt=media&token=70537640-28eb-41f9-9dcb-3097fd56311a','https://firebasestorage.googleapis.com/v0/b/study5-9740f.appspot.com/o/files%2FCau3-Test02.mp3%20%20%20%20%20%20%202023-4-14%2020%3A23%3A3?alt=media&token=c9232936-9078-4f9c-9eff-65f70ded77b6','2023-04-14 20:23:17',1,1),(13,'','https://firebasestorage.googleapis.com/v0/b/study5-9740f.appspot.com/o/files%2FCau4-Test02.jpg%20%20%20%20%20%20%202023-4-14%2020%3A23%3A38?alt=media&token=cceecb85-443f-4e10-93f3-afd7d6733ec8','https://firebasestorage.googleapis.com/v0/b/study5-9740f.appspot.com/o/files%2FCau4-Test02.mp3%20%20%20%20%20%20%202023-4-14%2020%3A23%3A27?alt=media&token=90ae7237-abb2-49c6-b6fd-512d8dd96f90','2023-04-14 20:23:44',1,1),(14,'','https://firebasestorage.googleapis.com/v0/b/study5-9740f.appspot.com/o/files%2FCau5-Test02.jpg%20%20%20%20%20%20%202023-4-14%2020%3A24%3A7?alt=media&token=92b4480e-023b-42a9-990b-35acfa672513','https://firebasestorage.googleapis.com/v0/b/study5-9740f.appspot.com/o/files%2FCau5-Test02.mp3%20%20%20%20%20%20%202023-4-14%2020%3A23%3A55?alt=media&token=0bfe68c0-3689-4d75-9cd3-134dcb74fba4','2023-04-14 20:24:11',1,1),(15,'','','https://firebasestorage.googleapis.com/v0/b/study5-9740f.appspot.com/o/files%2FCau7-Test01.mp3%20%20%20%20%20%20%202023-4-14%2020%3A35%3A35?alt=media&token=3df32e49-3daf-412a-b935-1ef9dbb339ad','2023-04-14 20:35:49',2,1),(16,'','','https://firebasestorage.googleapis.com/v0/b/study5-9740f.appspot.com/o/files%2FCau8-Test01.mp3%20%20%20%20%20%20%202023-4-14%2020%3A36%3A5?alt=media&token=de810700-1b4a-4a89-afd1-f4e78984fd95','2023-04-14 20:36:12',2,1),(17,'','','https://firebasestorage.googleapis.com/v0/b/study5-9740f.appspot.com/o/files%2FCau9-Test01.mp3%20%20%20%20%20%20%202023-4-14%2020%3A36%3A24?alt=media&token=4989aaea-2a53-49a9-980f-bf8bfb8dd702','2023-04-14 20:36:30',2,1),(18,'','','https://firebasestorage.googleapis.com/v0/b/study5-9740f.appspot.com/o/files%2FCau10-Test01.mp3%20%20%20%20%20%20%202023-4-14%2020%3A36%3A37?alt=media&token=11170d05-fc6b-4805-b72a-febb19729f47','2023-04-14 20:36:49',2,1),(19,'','','https://firebasestorage.googleapis.com/v0/b/study5-9740f.appspot.com/o/files%2FCau11-Test01.mp3%20%20%20%20%20%20%202023-4-14%2020%3A36%3A57?alt=media&token=bf01e0ea-a574-4650-b869-2d07d4a53450','2023-04-14 20:37:12',2,1),(20,'','','https://firebasestorage.googleapis.com/v0/b/study5-9740f.appspot.com/o/files%2FCau7-Test02.mp3%20%20%20%20%20%20%202023-4-14%2020%3A37%3A37?alt=media&token=412a1219-0361-4f00-9929-758cb00b6ae6','2023-04-14 20:37:46',2,1),(21,'','','https://firebasestorage.googleapis.com/v0/b/study5-9740f.appspot.com/o/files%2FCau8-Test02.mp3%20%20%20%20%20%20%202023-4-14%2020%3A37%3A55?alt=media&token=6edca494-7f81-4f86-8895-8351b50ee58d','2023-04-14 20:38:02',2,1),(22,'','','https://firebasestorage.googleapis.com/v0/b/study5-9740f.appspot.com/o/files%2FCau9-Test02.mp3%20%20%20%20%20%20%202023-4-14%2020%3A38%3A11?alt=media&token=21ea4d63-650d-4c72-96c3-f9534dc57c50','2023-04-14 20:38:16',2,1),(23,'','','https://firebasestorage.googleapis.com/v0/b/study5-9740f.appspot.com/o/files%2FCau10-Test02.mp3%20%20%20%20%20%20%202023-4-14%2020%3A38%3A24?alt=media&token=09d0bd44-e0f7-43b9-9c68-c704b8a3c57a','2023-04-14 20:38:32',2,1),(24,'','','https://firebasestorage.googleapis.com/v0/b/study5-9740f.appspot.com/o/files%2FCau11-Test02.mp3%20%20%20%20%20%20%202023-4-14%2020%3A38%3A39?alt=media&token=6422bd6b-aa40-4ed7-b2dd-a0f32647cf80','2023-04-14 20:38:45',2,1),(25,'','','https://firebasestorage.googleapis.com/v0/b/study5-9740f.appspot.com/o/files%2FCau32-34-Tes01.mp3%20%20%20%20%20%20%202023-4-14%2020%3A46%3A24?alt=media&token=168d42d4-88cc-4ff8-a257-c45b4916413a','2023-04-14 20:50:10',3,1),(26,'','','https://firebasestorage.googleapis.com/v0/b/study5-9740f.appspot.com/o/files%2FCau35-37-Tes01.mp3%20%20%20%20%20%20%202023-4-14%2020%3A50%3A17?alt=media&token=a8f32e09-dac1-4894-9edb-dca8ccb4fc11','2023-04-14 20:53:33',3,1),(27,'','','https://firebasestorage.googleapis.com/v0/b/study5-9740f.appspot.com/o/files%2FCau38-40-Tes01.mp3%20%20%20%20%20%20%202023-4-14%2020%3A53%3A40?alt=media&token=35c511a3-0bc3-4195-bfa1-542fb458cc08','2023-04-14 20:56:45',3,1),(28,'','','https://firebasestorage.googleapis.com/v0/b/study5-9740f.appspot.com/o/files%2FCau41-43-Tes01.mp3%20%20%20%20%20%20%202023-4-14%2020%3A57%3A7?alt=media&token=bc344866-8168-493f-9407-e29f4b824992','2023-04-14 21:00:55',3,1),(29,'','','https://firebasestorage.googleapis.com/v0/b/study5-9740f.appspot.com/o/files%2FCau44-46-Tes01.mp3%20%20%20%20%20%20%202023-4-14%2021%3A1%3A2?alt=media&token=47340f99-99a2-4278-a64d-1e03a5e29d3e','2023-04-14 21:04:05',3,1),(30,'','','https://firebasestorage.googleapis.com/v0/b/study5-9740f.appspot.com/o/files%2FCau32-34-Test02.mp3%20%20%20%20%20%20%202023-4-14%2021%3A22%3A19?alt=media&token=1e2512bb-fbbb-4fca-aa51-47f41c8933e8','2023-04-14 21:25:48',3,1),(31,'','','https://firebasestorage.googleapis.com/v0/b/study5-9740f.appspot.com/o/files%2FCau35-37-Test02.mp3%20%20%20%20%20%20%202023-4-14%2021%3A25%3A55?alt=media&token=40604db3-cabc-46ac-9730-9a0bc8c69069','2023-04-14 21:29:39',3,1),(32,'','','https://firebasestorage.googleapis.com/v0/b/study5-9740f.appspot.com/o/files%2FCau38-40-Test02.mp3%20%20%20%20%20%20%202023-4-14%2021%3A30%3A15?alt=media&token=8550563c-5add-4346-b635-7df0eaaae4dc','2023-04-14 21:34:14',3,1),(33,'','','https://firebasestorage.googleapis.com/v0/b/study5-9740f.appspot.com/o/files%2FCau41-43-Test02.mp3%20%20%20%20%20%20%202023-4-14%2021%3A34%3A26?alt=media&token=f6ad168c-e579-40d1-b1b1-9ff07eb9572e','2023-04-14 21:46:21',3,1),(34,'','','https://firebasestorage.googleapis.com/v0/b/study5-9740f.appspot.com/o/files%2FCau44-46-Test02.mp3%20%20%20%20%20%20%202023-4-14%2021%3A47%3A13?alt=media&token=623745fd-5b2e-474f-b437-f6dd4f750195','2023-04-14 21:52:55',3,1),(35,'','','https://firebasestorage.googleapis.com/v0/b/study5-9740f.appspot.com/o/files%2FCau71-73-Test01.mp3%20%20%20%20%20%20%202023-4-14%2023%3A21%3A59?alt=media&token=1c5003f5-4adb-4290-acc3-5d2081c4ace5','2023-04-14 23:27:45',4,1),(36,'','','https://firebasestorage.googleapis.com/v0/b/study5-9740f.appspot.com/o/files%2FCau74-76-Test01.mp3%20%20%20%20%20%20%202023-4-14%2023%3A27%3A53?alt=media&token=74d70a53-a86b-42a0-8e7f-cd1130c35bf1','2023-04-14 23:32:36',4,1),(37,'','','https://firebasestorage.googleapis.com/v0/b/study5-9740f.appspot.com/o/files%2FCau77-79-Test01.mp3%20%20%20%20%20%20%202023-4-14%2023%3A34%3A1?alt=media&token=770ee47e-256a-4c21-a550-1a26f014b0ee','2023-04-14 23:40:15',4,1),(38,'','','https://firebasestorage.googleapis.com/v0/b/study5-9740f.appspot.com/o/files%2FCau80-82-Test01.mp3%20%20%20%20%20%20%202023-4-14%2023%3A48%3A27?alt=media&token=b599b817-1ca3-4c28-9a88-d7aff6910c5b','2023-04-14 23:53:53',4,1),(39,'','','https://firebasestorage.googleapis.com/v0/b/study5-9740f.appspot.com/o/files%2FCau83-85-Test01.mp3%20%20%20%20%20%20%202023-4-14%2023%3A54%3A3?alt=media&token=d3adad0d-fa37-4909-806b-12e6d869098b','2023-04-14 23:57:47',4,1),(40,'','','https://firebasestorage.googleapis.com/v0/b/study5-9740f.appspot.com/o/files%2FCau71-73-Test02.mp3%20%20%20%20%20%20%202023-4-14%2023%3A58%3A56?alt=media&token=0d434075-00a3-45c4-aa5b-0fefdde87691','2023-04-15 00:03:33',4,1),(41,'','','https://firebasestorage.googleapis.com/v0/b/study5-9740f.appspot.com/o/files%2FCau74-76-Test02.mp3%20%20%20%20%20%20%202023-4-15%200%3A3%3A43?alt=media&token=0bc9ea98-87a7-4c32-bb73-15ff2b1c91c9','2023-04-15 00:07:11',4,1),(42,'','','https://firebasestorage.googleapis.com/v0/b/study5-9740f.appspot.com/o/files%2FCau77-79-Test02.mp3%20%20%20%20%20%20%202023-4-15%200%3A7%3A25?alt=media&token=ff102b9c-9233-46f0-9d34-763e811a499f','2023-04-15 00:11:18',4,1),(43,'','','https://firebasestorage.googleapis.com/v0/b/study5-9740f.appspot.com/o/files%2FCau80-82-Test02.mp3%20%20%20%20%20%20%202023-4-15%200%3A11%3A29?alt=media&token=8c114fc8-d227-4530-a3b5-b2035d1ccf1d','2023-04-15 00:18:03',4,1),(44,'','','https://firebasestorage.googleapis.com/v0/b/study5-9740f.appspot.com/o/files%2FCau83-85-Test02.mp3%20%20%20%20%20%20%202023-4-15%200%3A20%3A14?alt=media&token=8e68f861-6d62-40dd-85f8-d8303f74dca6','2023-04-15 00:26:02',4,1),(45,'Ms. Budrow was promoted after _____ group recorded the highest revenue growth for the year.','','','2023-04-15 09:22:30',5,1),(46,'The community program features classes in photography, drawing, _____ other arts.','','','2023-04-15 09:23:41',5,1),(47,'Glass containers must be _____ secured during transport','','','2023-04-15 09:24:12',5,1),(48,'This month\'s _____ figures have increased five percent over the last month.','','','2023-04-15 09:24:43',5,1),(49,'Summer interns may _____ either free company housing or a stipend of $2.','','','2023-04-15 09:25:13',5,1),(50,'If a client leaves a voice message, we will return the _____ promptly within one business day.','','','2023-04-15 09:25:41',5,1),(51,'The department\'s most _____ production unit will receive a bonus at the end of the quarter.','','','2023-04-15 09:26:24',5,1),(52,'Al\'s Café will now be open on Sundays _____ the hours of 9 A.M. and 5 P.M.','','','2023-04-15 09:27:05',5,1),(53,'Mr. Liu will not be in the office this morning _____ he has a dentist appointment.','','','2023-04-15 09:27:40',5,1),(54,'Ms. Trinacria\'s team is developing a kitchen faucet that can _____ respond to voice commands.','','','2023-04-15 09:28:25',5,1),(55,'To: All staff From:  Leonard Villalobos, Vice President of Product Development Date:  August 27 Subject:  A Due to the results from our trial customer testing, we have decided to postpone the launch of the Atzeret video game. Customer surveys indicated that the game was less ----- (131) than we anticipated. Over the next few months, the game development team will introduce several -----(132) to make the product more attractive. ----- (133). If the changes are successful, we hope to launch the game by next January ----- (134) February.','','','2023-04-15 09:35:31',6,1),(56,'To:  Eva Linn, Lundtalk Industries From:  Technical Services Date:  January 15 Subject:  Technical query Dear Ms. Linn, Thank you for contacting our technical department ----- (135) your query. ----- (136) our call got disconnected when we were trying to reboot your system from our remote location. -----(137). Therefore, please call us at your earliest convenience and refer to conversation ID #TECH12-2020A to  complete the system repair. We have prioritized your inquiry and look forward to helping you ----- (138) your computer to its full capabilities. \nSincerely,\nArthur Feldt \nTechnical Service Facilitator','','','2023-04-15 09:46:44',6,1),(57,'For a limited time, the Uppercut Clothing Hanger Company is selling its highest quality hangers at huge discounts on wholesale orders. This special ----- (139) is perfect for hotels, retailers, or anywhere hangers are used extensively. ----- (140) of lacquered walnut wood, these hangers are not only durable, but also safe for the environment. -----(141) are strong enough to hold up to ten pounds. To order, visit www.uppercuthangerco.ca. Note that all orders require a 20 percent deposit. ----- (142). Uppercut will cover all shipping and insurance costs.','','','2023-04-15 09:55:11',6,1),(58,'From: mcrane@doodlemail.com\nTo: jkumar@baxterartsupplies.com\nDate:  October 14 \nSubject:  Application \nAttachment:  Résumé \nDear Ms. Kumar,\nI am writing in response to the advertisement posted in the window of Baxter Art Supplies. As a frequent visitor to your -----(143), I have found it an invaluable source of inspiration over the years. I would be -----(144) to display my artwork. I would also enjoy running workshops to help inspire your customers.  I believe I would be well suited for this role because I am both enthusiastic and friendly. -----(145), I have led successful workshops at various locations in the area. I have attached a copy of my résumé, which includes more details about these workshops.-----(146). I look forward to hearing from you after you have reviewed my application and work. \n\nKind regards, \nMelania Crane','','','2023-04-15 09:58:51',6,1),(59,'Thank you for shopping with Danforth Fashions online. Our quality-control team carefully inspects all products ----- (131)  packaging to ensure customer satisfaction. ----- (132) If not, we make exchanges or returns easy. Simply contact us at service@danforthfashions.com if you need a different size, a color, or pattern--or if you are dissatisfied for any reason. Your exchange ------ (133) right away. To return an item for a refund, use the prepaid return shipping label included with your order and send it back to us in its original packaging unused and undamaged. We issue refunds to the original method of payment, ----- (134) the return shipping fee.','','','2023-04-15 14:04:08',6,1),(60,'Attention, Alden-Apner Industries Employees: \n\nPlease remember that the switch to our new e-mail software will begin at 11:00 P.M. on Sunday, May 2. All ------ (135) information in your account, including contacts and calendar events, will be moved to the new system by 4:00 A.M. on Monday, May 3. Though we are working diligently to anticipate and provide solutions for all potential issues, some employees may experience difficulty ----- (136) attempting to log in to their accounts after the switch. In addition, there is a remote possibility that some information may be lost. ----- (137) be sure to back up any critical e-mail files as soon as possible. ----- (138). A training session will be scheduled next week to familiarize employees with key functions of the new software.','','','2023-04-15 14:06:46',6,1),(61,'From: Hong Truong<htruong@jansenwebbfoundation.ca> \nSent: Friday, 16 November \nTo: Staff, Friends, and Stakeholders \nSubject: JWF\'s new budget director \nTo the JWF team and our community partners: ----- (139). I just want to let you know that Sofia Vargas -----(140) as the Jansen-Webb Foundation\'s new budget director. Ms. Vargas has a strong background in fiscal ----- (141) within the nonprofit sector. Ms. Vargas brings with her a wealth of experience in organizational finance, including most recently at The Lawton Children\'s Centre in Winnipeg. Ms. Vargas started her employment with us this morning, so please stop in and introduce ----- (142) to her.','','','2023-04-15 14:13:37',6,1),(62,'Jamaica National Tourist Organization Offers Free Cultural Passes \nThe Jamaica National Tourist Organization (JAMTO) announces an exciting new program that provides free entry to a variety of cultural attractions. The program is sponsored by the JAMTO ----- (143) the hotels and businesses listed on the back of this flyer. Together, we ----- (144) you to take advantage of some of the finest cultural and educational experiences that Jamaica has to offer. ----- (145) attractions include the Caribbean National Gardens, Montego Bay Potters Gallery, Jamaican Music Experience, and many others.\n\nTo obtain your pass, visit our Web site at www.jamto.org/freepass or stop by any JAMTO office. One pass is valid for up to five people. ----- (146)','','','2023-04-15 14:16:40',6,1),(63,'','https://firebasestorage.googleapis.com/v0/b/study5-9740f.appspot.com/o/files%2FCau1.jpg%20%20%20%20%20%20%202023-4-16%2010%3A19%3A50?alt=media&token=5e65307a-652a-4679-a2dd-521587cb5a5f','https://firebasestorage.googleapis.com/v0/b/study5-9740f.appspot.com/o/files%2FCau71-73-Test02.mp3%20%20%20%20%20%20%202023-4-16%2010%3A19%3A36?alt=media&token=c76d277a-6d99-491c-b660-e80997a9f6cc','2023-04-16 10:19:54',1,1),(64,'December 1\nAttention, All Employees:\nBeginning on January 1, Barkley-Stephens Corporation (BSC) will transition to a security system that uses integrated ID badges. Until now, BSC employees have used traditional identification cards that security personnel checked at entrances to the building. They simply compared the badge photograph with the employee\'s appearance. The new system will be more technologically advanced, integrating ID badge information with various access points around our faciliry.\nIntegrated ID badges allow employees entry only to areas of the building that are permitted to them. Moreover, the badges create an electronic record of who has entered which areas of the building and when. In the case of temporary employees, badges will be disabled when their tenure ends.\nNew photographs of all staff will be taken in mid-December, when everyone will be asked to fll out a brief form to complete badge processing.','','','2023-04-16 12:52:10',7,1),(65,'Franklin Smith (7:51 A.M.)\nGood morning, Josephine and Carl. Is either one of you at the office yet? My train is running late and I want to make sure everything is set up for our 8:30 A.M. workshop.\nJosephine Mallian (7:56 A.M.) \nI\'m walking in now. What can I do to help, Franklin? \nCarl Domingo (7:57 A.M.)\nI\'ll be there in about ten minutes. Are you talking about the workshop in the Aster Room? Because there is another workshop taking place in Obell Hall too. \nFranklin Smith (7:59 A.M.)\nYes, the one in the Aster Room—the Sawy Steel sales workshop.I would appreciate it if you would rearrange the seats into a circle, turn on the projector, and run through the presentation slides I sent last night, just to make sure that everything, including the audio, is working. \nCarl Domingo (8:02 A.M.)\nGot it. l actually set the chairs up last night. \nJosephine Mallian (8:04 A.M.)\nThanks, Carl. Would you mind printing out fifteen copies of the agenda while l take care of the rest?\nCarl Domingo (8:05 A.M.)\nSure.I\'ll get it done as soon as possible.\nFranklin Smith (8:07 A.M.)\nThank you both. My train is arriving now. I think I\'ll make it in time. \nJosephine Mallian (8:08 A.M.) \nNo problem, Franklin. We will also make sure there is plenty of coffee for you!','','','2023-04-16 12:59:02',7,1),(66,'Foxtail Airlines\nJuly 30 \nMs. Gina Carracia \nGeneral Manager \nObsidian Villa \n1121 Marine Boulevard Seattle, WA 98101 \nDear Ms. Carracia: \nMy name is Isaac Bolton, and I am Director of Marketing at Foxtail Airlines. -[1]- am writing to share a marketing idea with you that would be beneficial for both our companies. Our crew members who fly into Seattle have stayed at Obsidian Villa several times in the past. They report that the rooms are consistently comfortable and clean and that the staff is friendly and efficient. -[2]- However, there is often no vacancy at your excellent establishment, and so our crews must stay elsewhere. We have arrangements with hotels in several cities around the world in which rooms are reserved for our crews in advance. Foxtail Airlines advertises for these hotels in our in-flight magazine at a significant discount. — [3]-. We would like to develop a similar partnership with Obsidian Villa. \nTo give you an idea of the advertising possibilities we offer, our graphic design team has created four potential advertisements. They are enclosed with this letter. -[4]- I hope these samples demonstrate how enthusiastic we are about promoting Obsidian Villa to the over three million passengers who fly with us every year. If you are interested in exploring this idea further, please contact me by phone at 546-555-0182 or by e-mail at i.r.bolton@foxtailairlines.com. I hope to have the opportunity to work with you.\nSincerely, \nIsaac Bolton\nIsaac Bolton, Director of Marketing\nFoxtail Airlines \nEnclosures','','','2023-04-16 13:04:34',7,1),(67,'David Tham [8:04 A.M.] Hello, Kelly and Jonathan. Have we confirmed who will be arriving from Hong Kong next week?\n\nKelly Cromwell [8:05 A.M.] The Hong Kong office is sending Sara Wang and Neha Agarwal. Others can call in if needed. \n\nDavid Tham [8:07 A.M.] Where will Sara and Neha be working when they arrive?\n\nKelly Cromwell [8:09 A.M.] They\'ll be set up in conference room B. Otherwise, they can use the empty desks located near Michael Klein in Human Resources. \n\nJonathan Li [8:11 A.M.] Hold on. Actually, there are going to be three. Lillian Zhang is coming, too. \n\nDavid Tham [8:12 A.M.] We will need another work space then. I\'d like to keep them together. Maybe there\'s a spare office in Accounting?\n\nKelly Cromwell [8:13 A.M.| Why is Ms. Zhang coming? I thought it was just the marketing team. \n\nJonathan Li [8:14 A.M.] The packaging designers have been working closely with Marketing on this project. \n\nKelly Cromwell [8:17 A.M.] Got it. I\'ll take care of it. I\'ll send a final schedule to you before lunch. Jonathan, please update the list of call-in participants\' names and numbers and send it to all of us.','','','2023-04-16 13:19:28',7,1),(68,'Request for Proposal\nPurpose \nThe City of New Langston is seeking proposals for the manufacture and installation of electronic signage at bus stops throughout the city. New Langston plans to deploy new electronic signs that display real-time arrival information to bus riders. \nBackground \nCurrently, New Langston\'s bus stops are marked by simple metal signs displaying only the location of the stop and the lines that stop at the location. Cities around the world have begun to incorporate real-time arrival information into bus stop signage. Electronic signs are proving to be very popular with riders, and studies show that the introduction of such signage has contributed to increased ridership in numerous cities.\nProject Description \nThe successful bidder will provide New Langston with up to 350 electronic signs. The signs must be powered by solar energy and have battery backup allowing them to operate at night, on cloudy days, and in all weather conditions. The signs must have a reliability factor of at least 99 percent. The signs must display at least three and no more than five lines of text, and be connected to the Internet in order to provide real-time information to bus riders.  \nPlease submit detailed bids outlining costs by 11:59 p.m. on May 31 to the City of New Langston Regional Council at regionalcouncil@cityofnewlangston.gov.','','','2023-04-16 13:23:18',7,1),(69,'Junior Project Manager\nTraskin Public Relations \nSeattle, WA \n\nTraskin Public Relations is a marketing and public relations firm focusing on the hospitality industry. We are based in Seattle and have been in business for more than twenty years. To keep up with our recent rapid expansion, Traskin is now seeking a new junior project manager.-[1]-. This is an opportunity to be trained in valuable strategic and creative processes. This training program served as the starting point for several of our current senior project managers. Traskin offers all employees competitive compensation and benefits. -[2]- \n\nResponsibilities include coordinating with managers and clients, scheduling meetings and presentations, and managing budgets. -[3]-. Additionally, the successful applicant will create weekly e-mail updates for internal teammates and clients. \n\nQualifications include a minimum of two years\' management experience at a similar agency, knowledge of project management software, and excellent organizational skills. -[4]-. \n\nUpload résumé and cover letter to careers@traskinpr.com.','','','2023-04-16 13:26:53',7,1),(70,'https://www.zoliorentals.ca \nZolio Rentals Ltd. has a large inventory of heavy machines and construction tools available for hourly or daily rental. No matter what your task is, we likely have what you need to tackle it. We have more than 50 locations throughout Canada, with limited delivery available in some locations. If you require assistance, please call us at 604-555-0129 or e-mail us at info @zoliorentals.ca. \nSearch:\n\nMachine for trench digging \n\nResults: \n45-cm trencher 60-cm trencher\n4-hour rental  $166  $194 \n24-hour rental  $237  $275 \n\nTo: Sharla Stanton <sharla@stantonacres.ca> \nFrom: Ralph Fitzpatrick «fitzpatrick@fitzgreenways.ca> \nDate: 6 April \nSubject: Trencher machine \n\nHi Sharla, \n\nYou had mentioned the other day that you anticipate needing to dig an irrigation trench on your property, just as I do. I wanted to let you know that I did some searching on the Zolio Rentals Web site, and I have decided that tomorrow I am going to rent the smallest I trencher that is available. I will need the machine only for a couple of hours, but since the closest rental location is 45 minutes away in Durham, and it will take time to load it onto my truck both for the trip home and back to Durham again, I have decided to rent the machine for a full day.  \nWould you want to use the machine while I have it? If so, we can coordinate our schedules, and I can bring it to you I after I finish. Then I can return the trencher to Zolio Rentals the next morning. I will gladly cover the entire rental fee. It is my way of returning the favour for vour help with my lawn mower last autumn. Please let me know. \n\nRegards, \n\nRalph','','','2023-04-16 13:48:03',7,1),(71,'Sky-High Roofing \n\nWorkers doing construction or repair work on roofs face multiple potential hazards. Ladders, skylights, and physical exposure to the natural elements involve risks. Stay safe by using commonsense practices. Follow these guidelines. \n\nDress for safety. \n- Wear long-sleeved shirts, even in warm weather, and keep your wrist cuffs buttoned\n- Wear Iong pants without cuffs, as they can snag on roofing material and catch debris \n- Wear work boots that cover the ankles, and replace boots when the soles show excessive wear \n\nUse personal protective equipment. \n- Wear gloves that cover the wrists, making sure there is no gap between the top of the gloves and the bottom of the sleeve cuffs\n- Use protective eyewear\n\nBegin the day right. \n- Review the work plan with all members of the team \n- Check the condition of ladders and all safety equipment confirm that I have reviewed and understood these guidelines. \n\nSignature:-----------  Date:--------------','','','2023-04-16 13:58:24',7,1),(72,'Public Works Challenge\n\nCARBERRY (April 15)From its inception, the Carberry Public Works Building has met with little appreciation from the public. When architects unveiled the blueprints for the structure, longtime residents argued that its bright colors and angular shapes did not blend well with Carberry\'s distinctive redbrick buildings. Local concerns even sparked the creation of a social media group, whose members urged residents to voice their opinions at town council meetings and in other public forums. -[1]\n\n- In the end, a more conservative version of the original building design was drafted and the grand opening was planned for April 28. -[2]- However, the owners of nearby buildings started to report drainage issues caused by significant water runoff. \n\n“When the property was an open field with grass and trees, excess rainwater was quickly absorbed into the ground,” explains Trudy Molina, owner of the Axios Office Building. “Now water pools up and floods adjacent parking areas during heavy rains.” -[3]—. \n\nAccording to town manager Bert Montiel, the unfortunate result of the building project was unforeseen, and construction engineers are working swiftly to correct the issue before the Public Works Building opens. -[4]—.A team has begun the installation of additional gutters and connecting drains to divert the water to the neighborhood\'s underground sewer system. The work should be completed in time to celebrate the building\'s opening in late May.','','','2023-04-16 14:09:10',7,1),(73,'Reese, Tamara [1:30 PM.]  Thank you for contacting Green City Tours. How may I assist you? \n\nChambers, Curtis [1:32 PM.]  Hello. I am writing about Yorke Corporation\'s upcoming trip to Vancouver. believe that Green City Tours has arranged for all meals to be included for the participants. ls that correct? \n\nReese, Tamara [1:33 PM.]  No, the terms of the contract specifically state that “Participants will be hosted to both welcome reception and a farewell dinner. All other meals are to be covered at the participants own expense during the program.” Please let me know if there are any more questions you have about this trip. \n\nChambers, Curtis [1:35 PM.]  That\'s disappointing Our previous employee trips have included all meals. Could be connected with a supervisor? I\'m quite certain that this option should have been included in the contract. \n\nDiaz, Marta [1:37 PM.]  Good afternoon, Mr. Chambers. apologize for any misunderstanding concerning Yorke Corporations contract terms with Green City Tours. The contract was created in accordance with the requests of Franklin Wang, your company\'s CFO. It was his stipulation that intervening meals not be included. We could make recommendations for some other dining options. \n\nChambers, Curtis [1:40 PM.]  That\'s OK. Thank you both for your assistance. I\'m going to consult with Mr. Wang about the situation. I may be in touch with you again soon.','','','2023-04-16 14:20:43',7,1),(74,'jbkkbkb','','','2023-04-16 22:57:41',7,1);
/*!40000 ALTER TABLE `nhomcauhoi` ENABLE KEYS */;
UNLOCK TABLES;

--
-- Table structure for table `taikhoan`
--

DROP TABLE IF EXISTS `taikhoan`;
/*!40101 SET @saved_cs_client     = @@character_set_client */;
/*!50503 SET character_set_client = utf8mb4 */;
CREATE TABLE `taikhoan` (
  `id` int NOT NULL AUTO_INCREMENT,
  `tentaikhoan` varchar(45) NOT NULL,
  `matkhau` varchar(100) NOT NULL,
  `quyen` varchar(45) NOT NULL,
  `trangthai` int NOT NULL,
  `id_nguoidung` int NOT NULL,
  PRIMARY KEY (`id`),
  KEY `frk_taikhoan_idx` (`id_nguoidung`),
  CONSTRAINT `fk_nguoidung` FOREIGN KEY (`id_nguoidung`) REFERENCES `nguoidung` (`id`)
) ENGINE=InnoDB AUTO_INCREMENT=22 DEFAULT CHARSET=utf8mb4 COLLATE=utf8mb4_0900_ai_ci;
/*!40101 SET character_set_client = @saved_cs_client */;

--
-- Dumping data for table `taikhoan`
--

LOCK TABLES `taikhoan` WRITE;
/*!40000 ALTER TABLE `taikhoan` DISABLE KEYS */;
INSERT INTO `taikhoan` VALUES (1,'tho','$2a$10$bKuhAkjjzQ8okRLztpASmeQRVZ332xT8BbAVTg8Yy3HbPVsEzxAD6','STUDENT',1,2),(2,'admin','$2a$10$bKuhAkjjzQ8okRLztpASmeQRVZ332xT8BbAVTg8Yy3HbPVsEzxAD6','ADMIN',1,1),(18,'a@gmail.com','$2a$10$b..Xcnq9JmQp.l7sauK7HOxOEjQKLSM0G6gmoOK/cHnrLYLGe4Zpi','STUDENT',0,11),(19,'nhatan@gmail.com','$2a$10$U3fdQWxHgQ72C8ZRQJcZvefmBd2Ou9sSF2igHHEN3kQD8vX64Go5O','TEACHER',1,12),(20,'nhatan@gmail.com','$2a$10$4I7r2u1Pumn912BnP7m.i.BHZhj.6twWgbjezxKmpok7LEK1chW4.','STUDENT',1,13),(21,'k2@gmai.com','$2a$10$9KlLEskwWKYPxQQK1ItBb.n1Rw/JV648R/SR9.i4Bzh5CNXe/wSgy','STUDENT',1,14);
/*!40000 ALTER TABLE `taikhoan` ENABLE KEYS */;
UNLOCK TABLES;
/*!40103 SET TIME_ZONE=@OLD_TIME_ZONE */;

/*!40101 SET SQL_MODE=@OLD_SQL_MODE */;
/*!40014 SET FOREIGN_KEY_CHECKS=@OLD_FOREIGN_KEY_CHECKS */;
/*!40014 SET UNIQUE_CHECKS=@OLD_UNIQUE_CHECKS */;
/*!40101 SET CHARACTER_SET_CLIENT=@OLD_CHARACTER_SET_CLIENT */;
/*!40101 SET CHARACTER_SET_RESULTS=@OLD_CHARACTER_SET_RESULTS */;
/*!40101 SET COLLATION_CONNECTION=@OLD_COLLATION_CONNECTION */;
/*!40111 SET SQL_NOTES=@OLD_SQL_NOTES */;

-- Dump completed on 2023-04-24 20:10:00
